<?xml version="1.0" encoding="UTF-8" standalone="yes"?>
<diagram abbreviation="xml schema" baseType="Class Diagram" category="Data Modeling" type="XML Schema Diagram" version="8">
    <requiredPlugin>com.nomagic.magicdraw.dmn#Cameo Data Modeler;XML_Schema_Profile.mdzip;UML_Standard_Profile.mdzip</requiredPlugin>
    <toolbarConfiguration>
        <baseCategory expandedByDefault="false" id="COMMON_ELEMENTS_STATIC" parentCategoryID="COMMON_ELEMENTS_STATIC"/>
        <category expandedByDefault="true" id="XML Schema Diagram_ELEMENTS" name="XML Schema Diagram">
            <icon filename="mdp://resource/com/nomagic/magicdraw/dmn/icons/diagrams/xmlschema/xmlschemadiagram.gif" size="16" type="small"/>
            <icon filename="mdp://resource/com/nomagic/magicdraw/dmn/icons/diagrams/xmlschema/xmlschemadiagram.svg" size="16" type="large"/>
            <actions>
                <standard action="CLASS_BY_PATTERN" shortcut="shift pressed P "/>
                <custom description="XSDcomplexType" id="IDaction_1150876473686_475969_0" listAsElement="false" opposite="false" shortcut="pressed C " type="com.nomagic.uml2.ext.magicdraw.classes.mdkernel.Class">
                    <stereotype id="magicdraw_1046683513168_247247_153"/>
                    <buttonicon filename="mdp://resource/com/nomagic/magicdraw/dmn/icons/diagrams/xmlschema/xml1.gif" size="16" type="small"/>
                    <buttonicon filename="mdp://resource/com/nomagic/magicdraw/dmn/icons/diagrams/xmlschema/xml1.svg" size="16" type="large"/>
                    <defaults>
                        <PropertyVisitorAcceptor xmlns:xmi="http://www.omg.org/spec/XMI/20131001">
                            <mdElement elementClass="PropertyManager">
                                <mdElement elementClass="BooleanProperty">
                                    <propertyID>isActive</propertyID>
                                </mdElement>
                                <mdElement elementClass="BooleanProperty">
                                    <propertyID>isAbstract</propertyID>
                                </mdElement>
                                <mdElement elementClass="BooleanProperty">
                                    <propertyID>isLeaf</propertyID>
                                </mdElement>
                                <mdElement elementClass="ChoiceProperty">
                                    <propertyID>visibility</propertyID>
                                    <value>public</value>
                                    <choice xmi:value="public^private^protected^package"/>
                                    <index xmi:value="0"/>
                                </mdElement>
                                <mdElement elementClass="StringProperty">
                                    <propertyID>documentation</propertyID>
                                    <multiline xmi:value="true"/>
                                </mdElement>
                            </mdElement>
                        </PropertyVisitorAcceptor>
                    </defaults>
                </custom>
                <group>
                    <custom description="XSDsimpleType" id="IDaction_1150876473686_332460_0" listAsElement="false" opposite="false" shortcut="pressed S " type="com.nomagic.uml2.ext.magicdraw.classes.mdkernel.Class">
                        <stereotype id="magicdraw_1046684825414_271552_516"/>
                        <buttonicon filename="mdp://resource/com/nomagic/magicdraw/dmn/icons/diagrams/xmlschema/xml2.gif" size="16" type="small"/>
                        <buttonicon filename="mdp://resource/com/nomagic/magicdraw/dmn/icons/diagrams/xmlschema/xml2.svg" size="16" type="large"/>
                        <defaults>
                            <PropertyVisitorAcceptor xmlns:xmi="http://www.omg.org/spec/XMI/20131001">
                                <mdElement elementClass="PropertyManager">
                                    <mdElement elementClass="BooleanProperty">
                                        <propertyID>isActive</propertyID>
                                    </mdElement>
                                    <mdElement elementClass="BooleanProperty">
                                        <propertyID>isAbstract</propertyID>
                                    </mdElement>
                                    <mdElement elementClass="BooleanProperty">
                                        <propertyID>isLeaf</propertyID>
                                    </mdElement>
                                    <mdElement elementClass="ChoiceProperty">
                                        <propertyID>visibility</propertyID>
                                        <value>public</value>
                                        <choice xmi:value="public^private^protected^package"/>
                                        <index xmi:value="0"/>
                                    </mdElement>
                                    <mdElement elementClass="StringProperty">
                                        <propertyID>documentation</propertyID>
                                        <multiline xmi:value="true"/>
                                    </mdElement>
                                </mdElement>
                            </PropertyVisitorAcceptor>
                        </defaults>
                    </custom>
                    <custom description="XSDsimpleType(XSDlist)" id="IDaction_1150876473686_511428_0" listAsElement="false" opposite="false" shortcut="shift pressed S " type="com.nomagic.uml2.ext.magicdraw.classes.mdkernel.Class">
                        <stereotype id="magicdraw_1046684825414_271552_516"/>
                        <stereotype id="magicdraw_1046685205471_868982_592"/>
                        <buttonicon filename="mdp://resource/com/nomagic/magicdraw/dmn/icons/diagrams/xmlschema/xml12.gif" size="16" type="small"/>
                        <buttonicon filename="mdp://resource/com/nomagic/magicdraw/dmn/icons/diagrams/xmlschema/xml12.svg" size="16" type="large"/>
                        <defaults>
                            <PropertyVisitorAcceptor xmlns:xmi="http://www.omg.org/spec/XMI/20131001">
                                <mdElement elementClass="PropertyManager">
                                    <mdElement elementClass="BooleanProperty">
                                        <propertyID>isActive</propertyID>
                                    </mdElement>
                                    <mdElement elementClass="BooleanProperty">
                                        <propertyID>isAbstract</propertyID>
                                    </mdElement>
                                    <mdElement elementClass="BooleanProperty">
                                        <propertyID>isLeaf</propertyID>
                                    </mdElement>
                                    <mdElement elementClass="ChoiceProperty">
                                        <propertyID>visibility</propertyID>
                                        <value>public</value>
                                        <choice xmi:value="public^private^protected^package"/>
                                        <index xmi:value="0"/>
                                    </mdElement>
                                    <mdElement elementClass="StringProperty">
                                        <propertyID>documentation</propertyID>
                                        <multiline xmi:value="true"/>
                                    </mdElement>
                                </mdElement>
                            </PropertyVisitorAcceptor>
                        </defaults>
                    </custom>
                    <custom description="XSDsimpleType(XSDunion)" id="IDaction_1150876473701_936531_0" listAsElement="false" opposite="false" shortcut="pressed U " type="com.nomagic.uml2.ext.magicdraw.classes.mdkernel.Class">
                        <stereotype id="magicdraw_1046684825414_271552_516"/>
                        <stereotype id="magicdraw_1046690975758_61917_621"/>
                        <buttonicon filename="mdp://resource/com/nomagic/magicdraw/dmn/icons/diagrams/xmlschema/xml13.gif" size="16" type="small"/>
                        <buttonicon filename="mdp://resource/com/nomagic/magicdraw/dmn/icons/diagrams/xmlschema/xml13.svg" size="16" type="large"/>
                        <defaults>
                            <PropertyVisitorAcceptor xmlns:xmi="http://www.omg.org/spec/XMI/20131001">
                                <mdElement elementClass="PropertyManager">
                                    <mdElement elementClass="BooleanProperty">
                                        <propertyID>isActive</propertyID>
                                    </mdElement>
                                    <mdElement elementClass="BooleanProperty">
                                        <propertyID>isAbstract</propertyID>
                                    </mdElement>
                                    <mdElement elementClass="BooleanProperty">
                                        <propertyID>isLeaf</propertyID>
                                    </mdElement>
                                    <mdElement elementClass="ChoiceProperty">
                                        <propertyID>visibility</propertyID>
                                        <value>public</value>
                                        <choice xmi:value="public^private^protected^package"/>
                                        <index xmi:value="0"/>
                                    </mdElement>
                                    <mdElement elementClass="StringProperty">
                                        <propertyID>documentation</propertyID>
                                        <multiline xmi:value="true"/>
                                    </mdElement>
                                </mdElement>
                            </PropertyVisitorAcceptor>
                        </defaults>
                    </custom>
                </group>
                <custom description="XSDall" id="IDaction_1150876473701_998455_0" listAsElement="false" opposite="false" shortcut="pressed L " type="com.nomagic.uml2.ext.magicdraw.classes.mdkernel.Class">
                    <stereotype id="magicdraw_1046683925771_890789_304"/>
                    <buttonicon filename="mdp://resource/com/nomagic/magicdraw/dmn/icons/diagrams/xmlschema/xml3.gif" size="16" type="small"/>
                    <buttonicon filename="mdp://resource/com/nomagic/magicdraw/dmn/icons/diagrams/xmlschema/xml3.svg" size="16" type="large"/>
                    <defaults>
                        <PropertyVisitorAcceptor xmlns:xmi="http://www.omg.org/spec/XMI/20131001">
                            <mdElement elementClass="PropertyManager">
                                <mdElement elementClass="BooleanProperty">
                                    <propertyID>isActive</propertyID>
                                </mdElement>
                                <mdElement elementClass="BooleanProperty">
                                    <propertyID>isAbstract</propertyID>
                                </mdElement>
                                <mdElement elementClass="BooleanProperty">
                                    <propertyID>isLeaf</propertyID>
                                </mdElement>
                                <mdElement elementClass="ChoiceProperty">
                                    <propertyID>visibility</propertyID>
                                    <value>public</value>
                                    <choice xmi:value="public^private^protected^package"/>
                                    <index xmi:value="0"/>
                                </mdElement>
                                <mdElement elementClass="StringProperty">
                                    <propertyID>documentation</propertyID>
                                    <multiline xmi:value="true"/>
                                </mdElement>
                            </mdElement>
                        </PropertyVisitorAcceptor>
                    </defaults>
                </custom>
                <custom description="XSDchoice" id="IDaction_1150876473701_148637_0" listAsElement="false" opposite="false" shortcut="pressed O " type="com.nomagic.uml2.ext.magicdraw.classes.mdkernel.Class">
                    <stereotype id="magicdraw_1046683977135_115448_338"/>
                    <buttonicon filename="mdp://resource/com/nomagic/magicdraw/dmn/icons/diagrams/xmlschema/xml4.gif" size="16" type="small"/>
                    <buttonicon filename="mdp://resource/com/nomagic/magicdraw/dmn/icons/diagrams/xmlschema/xml4.svg" size="16" type="large"/>
                    <defaults>
                        <PropertyVisitorAcceptor xmlns:xmi="http://www.omg.org/spec/XMI/20131001">
                            <mdElement elementClass="PropertyManager">
                                <mdElement elementClass="BooleanProperty">
                                    <propertyID>isActive</propertyID>
                                </mdElement>
                                <mdElement elementClass="BooleanProperty">
                                    <propertyID>isAbstract</propertyID>
                                </mdElement>
                                <mdElement elementClass="BooleanProperty">
                                    <propertyID>isLeaf</propertyID>
                                </mdElement>
                                <mdElement elementClass="ChoiceProperty">
                                    <propertyID>visibility</propertyID>
                                    <value>public</value>
                                    <choice xmi:value="public^private^protected^package"/>
                                    <index xmi:value="0"/>
                                </mdElement>
                                <mdElement elementClass="StringProperty">
                                    <propertyID>documentation</propertyID>
                                    <multiline xmi:value="true"/>
                                </mdElement>
                            </mdElement>
                        </PropertyVisitorAcceptor>
                    </defaults>
                </custom>
                <custom description="XSDsequence" id="IDaction_1150876473717_32295_0" listAsElement="false" opposite="false" shortcut="pressed Q " type="com.nomagic.uml2.ext.magicdraw.classes.mdkernel.Class">
                    <stereotype id="magicdraw_1046684050961_823063_391"/>
                    <buttonicon filename="mdp://resource/com/nomagic/magicdraw/dmn/icons/diagrams/xmlschema/xml5.gif" size="16" type="small"/>
                    <buttonicon filename="mdp://resource/com/nomagic/magicdraw/dmn/icons/diagrams/xmlschema/xml5.svg" size="16" type="large"/>
                    <defaults>
                        <PropertyVisitorAcceptor xmlns:xmi="http://www.omg.org/spec/XMI/20131001">
                            <mdElement elementClass="PropertyManager">
                                <mdElement elementClass="BooleanProperty">
                                    <propertyID>isActive</propertyID>
                                </mdElement>
                                <mdElement elementClass="BooleanProperty">
                                    <propertyID>isAbstract</propertyID>
                                </mdElement>
                                <mdElement elementClass="BooleanProperty">
                                    <propertyID>isLeaf</propertyID>
                                </mdElement>
                                <mdElement elementClass="ChoiceProperty">
                                    <propertyID>visibility</propertyID>
                                    <value>public</value>
                                    <choice xmi:value="public^private^protected^package"/>
                                    <index xmi:value="0"/>
                                </mdElement>
                                <mdElement elementClass="StringProperty">
                                    <propertyID>documentation</propertyID>
                                    <multiline xmi:value="true"/>
                                </mdElement>
                            </mdElement>
                        </PropertyVisitorAcceptor>
                    </defaults>
                </custom>
                <custom description="XSDgroup" id="IDaction_1150876473717_668193_0" listAsElement="false" opposite="false" shortcut="pressed G " type="com.nomagic.uml2.ext.magicdraw.classes.mdkernel.Class">
                    <stereotype id="magicdraw_1046683708328_985822_255"/>
                    <buttonicon filename="mdp://resource/com/nomagic/magicdraw/dmn/icons/diagrams/xmlschema/xml6.gif" size="16" type="small"/>
                    <buttonicon filename="mdp://resource/com/nomagic/magicdraw/dmn/icons/diagrams/xmlschema/xml6.svg" size="16" type="large"/>
                    <defaults>
                        <PropertyVisitorAcceptor xmlns:xmi="http://www.omg.org/spec/XMI/20131001">
                            <mdElement elementClass="PropertyManager">
                                <mdElement elementClass="BooleanProperty">
                                    <propertyID>isActive</propertyID>
                                </mdElement>
                                <mdElement elementClass="BooleanProperty">
                                    <propertyID>isAbstract</propertyID>
                                </mdElement>
                                <mdElement elementClass="BooleanProperty">
                                    <propertyID>isLeaf</propertyID>
                                </mdElement>
                                <mdElement elementClass="ChoiceProperty">
                                    <propertyID>visibility</propertyID>
                                    <value>public</value>
                                    <choice xmi:value="public^private^protected^package"/>
                                    <index xmi:value="0"/>
                                </mdElement>
                                <mdElement elementClass="StringProperty">
                                    <propertyID>documentation</propertyID>
                                    <multiline xmi:value="true"/>
                                </mdElement>
                            </mdElement>
                        </PropertyVisitorAcceptor>
                    </defaults>
                </custom>
                <custom description="XSDattributeGroup" id="IDaction_1150876473717_899382_0" listAsElement="false" opposite="false" shortcut="pressed T " type="com.nomagic.uml2.ext.magicdraw.classes.mdkernel.Class">
                    <stereotype id="magicdraw_1046684505444_590497_493"/>
                    <buttonicon filename="mdp://resource/com/nomagic/magicdraw/dmn/icons/diagrams/xmlschema/xml7.gif" size="16" type="small"/>
                    <buttonicon filename="mdp://resource/com/nomagic/magicdraw/dmn/icons/diagrams/xmlschema/xml7.svg" size="16" type="large"/>
                    <defaults>
                        <PropertyVisitorAcceptor xmlns:xmi="http://www.omg.org/spec/XMI/20131001">
                            <mdElement elementClass="PropertyManager">
                                <mdElement elementClass="BooleanProperty">
                                    <propertyID>isActive</propertyID>
                                </mdElement>
                                <mdElement elementClass="BooleanProperty">
                                    <propertyID>isAbstract</propertyID>
                                </mdElement>
                                <mdElement elementClass="BooleanProperty">
                                    <propertyID>isLeaf</propertyID>
                                </mdElement>
                                <mdElement elementClass="ChoiceProperty">
                                    <propertyID>visibility</propertyID>
                                    <value>public</value>
                                    <choice xmi:value="public^private^protected^package"/>
                                    <index xmi:value="0"/>
                                </mdElement>
                                <mdElement elementClass="StringProperty">
                                    <propertyID>documentation</propertyID>
                                    <multiline xmi:value="true"/>
                                </mdElement>
                            </mdElement>
                        </PropertyVisitorAcceptor>
                    </defaults>
                </custom>
                <custom description="XSDschema" id="IDaction_1150876473733_402801_0" listAsElement="false" opposite="false" shortcut="shift pressed M " type="com.nomagic.uml2.ext.magicdraw.classes.mdkernel.Class">
                    <stereotype id="magicdraw_1046691534852_460080_805"/>
                    <buttonicon filename="mdp://resource/com/nomagic/magicdraw/dmn/icons/diagrams/xmlschema/xml8.gif" size="16" type="small"/>
                    <buttonicon filename="mdp://resource/com/nomagic/magicdraw/dmn/icons/diagrams/xmlschema/xml8.svg" size="16" type="large"/>
                    <defaults>
                        <PropertyVisitorAcceptor xmlns:xmi="http://www.omg.org/spec/XMI/20131001">
                            <mdElement elementClass="PropertyManager">
                                <mdElement elementClass="BooleanProperty">
                                    <propertyID>isActive</propertyID>
                                </mdElement>
                                <mdElement elementClass="BooleanProperty">
                                    <propertyID>isAbstract</propertyID>
                                </mdElement>
                                <mdElement elementClass="BooleanProperty">
                                    <propertyID>isLeaf</propertyID>
                                </mdElement>
                                <mdElement elementClass="ChoiceProperty">
                                    <propertyID>visibility</propertyID>
                                    <value>public</value>
                                    <choice xmi:value="public^private^protected^package"/>
                                    <index xmi:value="0"/>
                                </mdElement>
                                <mdElement elementClass="StringProperty">
                                    <propertyID>documentation</propertyID>
                                    <multiline xmi:value="true"/>
                                </mdElement>
                            </mdElement>
                        </PropertyVisitorAcceptor>
                    </defaults>
                </custom>
                <custom description="XSDnamespace" id="IDaction_1150876473733_593882_0" listAsElement="false" opposite="false" shortcut="pressed P " type="com.nomagic.uml2.ext.magicdraw.classes.mdkernel.Package">
                    <stereotype id="magicdraw_1046693924078_214979_1588"/>
                    <buttonicon filename="mdp://resource/com/nomagic/magicdraw/dmn/icons/diagrams/xmlschema/xml11.gif" size="16" type="small"/>
                    <buttonicon filename="mdp://resource/com/nomagic/magicdraw/dmn/icons/diagrams/xmlschema/xml11.svg" size="16" type="large"/>
                    <defaults>
                        <PropertyVisitorAcceptor xmlns:xmi="http://www.omg.org/spec/XMI/20131001">
                            <mdElement elementClass="PropertyManager">
                                <mdElement elementClass="ChoiceProperty">
                                    <propertyID>visibility</propertyID>
                                    <value>public</value>
                                    <choice xmi:value="public^private^protected^package"/>
                                    <index xmi:value="0"/>
                                </mdElement>
                                <mdElement elementClass="StringProperty">
                                    <propertyID>documentation</propertyID>
                                    <multiline xmi:value="true"/>
                                </mdElement>
                            </mdElement>
                        </PropertyVisitorAcceptor>
                    </defaults>
                </custom>
                <group>
                    <custom description="Aggregation" id="IDaction_1150876473733_591202_0" listAsElement="false" opposite="false" shortcut="pressed A " type="com.nomagic.uml2.ext.magicdraw.classes.mdkernel.Association">
                        <buttonicon filename="mdp://resource/com/nomagic/magicdraw/dmn/icons/diagrams/xmlschema/directaggregationnode.png" size="16" type="small"/>
                        <buttonicon filename="mdp://resource/com/nomagic/magicdraw/dmn/icons/diagrams/xmlschema/directaggregationnode.svg" size="16" type="large"/>
                        <defaults>
                            <PropertyVisitorAcceptor xmlns:xmi="http://www.omg.org/spec/XMI/20131001">
                                <mdElement elementClass="PropertyManager">
                                    <mdElement elementClass="BooleanProperty">
                                        <propertyID>isDerived</propertyID>
                                    </mdElement>
                                    <mdElement elementClass="BooleanProperty">
                                        <propertyID>isAbstract</propertyID>
                                    </mdElement>
                                    <mdElement elementClass="BooleanProperty">
                                        <propertyID>isLeaf</propertyID>
                                    </mdElement>
                                    <mdElement elementClass="ChoiceProperty">
                                        <propertyID>visibility</propertyID>
                                        <value>public</value>
                                        <choice xmi:value="public^private^protected^package"/>
                                        <index xmi:value="0"/>
                                    </mdElement>
                                    <mdElement elementClass="StringProperty">
                                        <propertyID>documentation</propertyID>
                                        <multiline xmi:value="true"/>
                                    </mdElement>
                                    <mdElement elementClass="BooleanProperty">
                                        <propertyID>END_A.isDerived</propertyID>
                                        <propertyGroup>END_A</propertyGroup>
                                    </mdElement>
                                    <mdElement elementClass="BooleanProperty">
                                        <propertyID>END_A.isDerivedUnion</propertyID>
                                        <propertyGroup>END_A</propertyGroup>
                                    </mdElement>
                                    <mdElement elementClass="ChoiceProperty">
                                        <propertyID>END_A.aggregation</propertyID>
                                        <propertyGroup>END_A</propertyGroup>
                                        <value>shared</value>
                                        <choice xmi:value="none^shared^composite"/>
                                        <index xmi:value="1"/>
                                    </mdElement>
                                    <mdElement elementClass="BooleanProperty">
                                        <propertyID>END_A.isReadOnly</propertyID>
                                        <propertyGroup>END_A</propertyGroup>
                                    </mdElement>
                                    <mdElement elementClass="BooleanProperty">
                                        <propertyID>END_A.isOrdered</propertyID>
                                        <propertyGroup>END_A</propertyGroup>
                                    </mdElement>
                                    <mdElement elementClass="BooleanProperty">
                                        <propertyID>END_A.isUnique</propertyID>
                                        <propertyGroup>END_A</propertyGroup>
                                        <value xmi:value="true"/>
                                    </mdElement>
                                    <mdElement elementClass="BooleanProperty">
                                        <propertyID>END_A.isStatic</propertyID>
                                        <propertyGroup>END_A</propertyGroup>
                                    </mdElement>
                                    <mdElement elementClass="ChoiceProperty">
                                        <propertyID>END_A.visibility</propertyID>
                                        <propertyGroup>END_A</propertyGroup>
                                        <value>private</value>
                                        <choice xmi:value="public^private^protected^package"/>
                                        <index xmi:value="1"/>
                                    </mdElement>
                                    <mdElement elementClass="BooleanProperty">
                                        <propertyID>END_A.isLeaf</propertyID>
                                        <propertyGroup>END_A</propertyGroup>
                                    </mdElement>
                                    <mdElement elementClass="StringProperty">
                                        <propertyID>END_A.documentation</propertyID>
                                        <propertyGroup>END_A</propertyGroup>
                                        <multiline xmi:value="true"/>
                                    </mdElement>
                                    <mdElement elementClass="ChoiceProperty">
                                        <propertyID>END_A.multiplicity</propertyID>
                                        <propertyGroup>END_A</propertyGroup>
                                        <choice xmi:value="0^0..1^0..*^1^1..*^*"/>
                                        <index xmi:value="-1"/>
                                    </mdElement>
                                    <mdElement elementClass="BooleanProperty">
                                        <propertyID>END_A.navigable</propertyID>
                                        <propertyGroup>END_A</propertyGroup>
                                        <value xmi:value="true"/>
                                    </mdElement>
                                    <mdElement elementClass="BooleanProperty">
                                        <propertyID>END_B.isDerived</propertyID>
                                        <propertyGroup>END_B</propertyGroup>
                                    </mdElement>
                                    <mdElement elementClass="BooleanProperty">
                                        <propertyID>END_B.isDerivedUnion</propertyID>
                                        <propertyGroup>END_B</propertyGroup>
                                    </mdElement>
                                    <mdElement elementClass="ChoiceProperty">
                                        <propertyID>END_B.aggregation</propertyID>
                                        <propertyGroup>END_B</propertyGroup>
                                        <value>none</value>
                                        <choice xmi:value="none^shared^composite"/>
                                        <index xmi:value="0"/>
                                    </mdElement>
                                    <mdElement elementClass="BooleanProperty">
                                        <propertyID>END_B.isReadOnly</propertyID>
                                        <propertyGroup>END_B</propertyGroup>
                                    </mdElement>
                                    <mdElement elementClass="BooleanProperty">
                                        <propertyID>END_B.isOrdered</propertyID>
                                        <propertyGroup>END_B</propertyGroup>
                                    </mdElement>
                                    <mdElement elementClass="BooleanProperty">
                                        <propertyID>END_B.isUnique</propertyID>
                                        <propertyGroup>END_B</propertyGroup>
                                        <value xmi:value="true"/>
                                    </mdElement>
                                    <mdElement elementClass="BooleanProperty">
                                        <propertyID>END_B.isStatic</propertyID>
                                        <propertyGroup>END_B</propertyGroup>
                                    </mdElement>
                                    <mdElement elementClass="ChoiceProperty">
                                        <propertyID>END_B.visibility</propertyID>
                                        <propertyGroup>END_B</propertyGroup>
                                        <value>private</value>
                                        <choice xmi:value="public^private^protected^package"/>
                                        <index xmi:value="1"/>
                                    </mdElement>
                                    <mdElement elementClass="BooleanProperty">
                                        <propertyID>END_B.isLeaf</propertyID>
                                        <propertyGroup>END_B</propertyGroup>
                                    </mdElement>
                                    <mdElement elementClass="StringProperty">
                                        <propertyID>END_B.documentation</propertyID>
                                        <propertyGroup>END_B</propertyGroup>
                                        <multiline xmi:value="true"/>
                                    </mdElement>
                                    <mdElement elementClass="ChoiceProperty">
                                        <propertyID>END_B.multiplicity</propertyID>
                                        <propertyGroup>END_B</propertyGroup>
                                        <choice xmi:value="0^0..1^0..*^1^1..*^*"/>
                                        <index xmi:value="-1"/>
                                    </mdElement>
                                    <mdElement elementClass="BooleanProperty">
                                        <propertyID>END_B.navigable</propertyID>
                                        <propertyGroup>END_B</propertyGroup>
                                    </mdElement>
                                </mdElement>
                            </PropertyVisitorAcceptor>
                        </defaults>
                    </custom>
                    <custom description="Composition" id="IDaction_1150876473748_443527_0" listAsElement="false" opposite="false" shortcut="pressed F " type="com.nomagic.uml2.ext.magicdraw.classes.mdkernel.Association">
                        <buttonicon filename="mdp://resource/com/nomagic/magicdraw/dmn/icons/diagrams/xmlschema/directcompositionnode.png" size="16" type="small"/>
                        <buttonicon filename="mdp://resource/com/nomagic/magicdraw/dmn/icons/diagrams/xmlschema/directcompositionnode.svg" size="16" type="large"/>
                        <defaults>
                            <PropertyVisitorAcceptor xmlns:xmi="http://www.omg.org/spec/XMI/20131001">
                                <mdElement elementClass="PropertyManager">
                                    <mdElement elementClass="BooleanProperty">
                                        <propertyID>isDerived</propertyID>
                                    </mdElement>
                                    <mdElement elementClass="BooleanProperty">
                                        <propertyID>isAbstract</propertyID>
                                    </mdElement>
                                    <mdElement elementClass="BooleanProperty">
                                        <propertyID>isLeaf</propertyID>
                                    </mdElement>
                                    <mdElement elementClass="ChoiceProperty">
                                        <propertyID>visibility</propertyID>
                                        <value>public</value>
                                        <choice xmi:value="public^private^protected^package"/>
                                        <index xmi:value="0"/>
                                    </mdElement>
                                    <mdElement elementClass="StringProperty">
                                        <propertyID>documentation</propertyID>
                                        <multiline xmi:value="true"/>
                                    </mdElement>
                                    <mdElement elementClass="BooleanProperty">
                                        <propertyID>END_A.isDerived</propertyID>
                                        <propertyGroup>END_A</propertyGroup>
                                    </mdElement>
                                    <mdElement elementClass="BooleanProperty">
                                        <propertyID>END_A.isDerivedUnion</propertyID>
                                        <propertyGroup>END_A</propertyGroup>
                                    </mdElement>
                                    <mdElement elementClass="ChoiceProperty">
                                        <propertyID>END_A.aggregation</propertyID>
                                        <propertyGroup>END_A</propertyGroup>
                                        <value>composite</value>
                                        <choice xmi:value="none^shared^composite"/>
                                        <index xmi:value="2"/>
                                    </mdElement>
                                    <mdElement elementClass="BooleanProperty">
                                        <propertyID>END_A.isReadOnly</propertyID>
                                        <propertyGroup>END_A</propertyGroup>
                                    </mdElement>
                                    <mdElement elementClass="BooleanProperty">
                                        <propertyID>END_A.isOrdered</propertyID>
                                        <propertyGroup>END_A</propertyGroup>
                                    </mdElement>
                                    <mdElement elementClass="BooleanProperty">
                                        <propertyID>END_A.isUnique</propertyID>
                                        <propertyGroup>END_A</propertyGroup>
                                        <value xmi:value="true"/>
                                    </mdElement>
                                    <mdElement elementClass="BooleanProperty">
                                        <propertyID>END_A.isStatic</propertyID>
                                        <propertyGroup>END_A</propertyGroup>
                                    </mdElement>
                                    <mdElement elementClass="ChoiceProperty">
                                        <propertyID>END_A.visibility</propertyID>
                                        <propertyGroup>END_A</propertyGroup>
                                        <value>private</value>
                                        <choice xmi:value="public^private^protected^package"/>
                                        <index xmi:value="1"/>
                                    </mdElement>
                                    <mdElement elementClass="BooleanProperty">
                                        <propertyID>END_A.isLeaf</propertyID>
                                        <propertyGroup>END_A</propertyGroup>
                                    </mdElement>
                                    <mdElement elementClass="StringProperty">
                                        <propertyID>END_A.documentation</propertyID>
                                        <propertyGroup>END_A</propertyGroup>
                                        <multiline xmi:value="true"/>
                                    </mdElement>
                                    <mdElement elementClass="ChoiceProperty">
                                        <propertyID>END_A.multiplicity</propertyID>
                                        <propertyGroup>END_A</propertyGroup>
                                        <choice xmi:value="0^0..1^0..*^1^1..*^*"/>
                                        <index xmi:value="-1"/>
                                    </mdElement>
                                    <mdElement elementClass="BooleanProperty">
                                        <propertyID>END_A.navigable</propertyID>
                                        <propertyGroup>END_A</propertyGroup>
                                        <value xmi:value="true"/>
                                    </mdElement>
                                    <mdElement elementClass="BooleanProperty">
                                        <propertyID>END_B.isDerived</propertyID>
                                        <propertyGroup>END_B</propertyGroup>
                                    </mdElement>
                                    <mdElement elementClass="BooleanProperty">
                                        <propertyID>END_B.isDerivedUnion</propertyID>
                                        <propertyGroup>END_B</propertyGroup>
                                    </mdElement>
                                    <mdElement elementClass="ChoiceProperty">
                                        <propertyID>END_B.aggregation</propertyID>
                                        <propertyGroup>END_B</propertyGroup>
                                        <value>none</value>
                                        <choice xmi:value="none^shared^composite"/>
                                        <index xmi:value="0"/>
                                    </mdElement>
                                    <mdElement elementClass="BooleanProperty">
                                        <propertyID>END_B.isReadOnly</propertyID>
                                        <propertyGroup>END_B</propertyGroup>
                                    </mdElement>
                                    <mdElement elementClass="BooleanProperty">
                                        <propertyID>END_B.isOrdered</propertyID>
                                        <propertyGroup>END_B</propertyGroup>
                                    </mdElement>
                                    <mdElement elementClass="BooleanProperty">
                                        <propertyID>END_B.isUnique</propertyID>
                                        <propertyGroup>END_B</propertyGroup>
                                        <value xmi:value="true"/>
                                    </mdElement>
                                    <mdElement elementClass="BooleanProperty">
                                        <propertyID>END_B.isStatic</propertyID>
                                        <propertyGroup>END_B</propertyGroup>
                                    </mdElement>
                                    <mdElement elementClass="ChoiceProperty">
                                        <propertyID>END_B.visibility</propertyID>
                                        <propertyGroup>END_B</propertyGroup>
                                        <value>private</value>
                                        <choice xmi:value="public^private^protected^package"/>
                                        <index xmi:value="1"/>
                                    </mdElement>
                                    <mdElement elementClass="BooleanProperty">
                                        <propertyID>END_B.isLeaf</propertyID>
                                        <propertyGroup>END_B</propertyGroup>
                                    </mdElement>
                                    <mdElement elementClass="StringProperty">
                                        <propertyID>END_B.documentation</propertyID>
                                        <propertyGroup>END_B</propertyGroup>
                                        <multiline xmi:value="true"/>
                                    </mdElement>
                                    <mdElement elementClass="ChoiceProperty">
                                        <propertyID>END_B.multiplicity</propertyID>
                                        <propertyGroup>END_B</propertyGroup>
                                        <choice xmi:value="0^0..1^0..*^1^1..*^*"/>
                                        <index xmi:value="-1"/>
                                    </mdElement>
                                    <mdElement elementClass="BooleanProperty">
                                        <propertyID>END_B.navigable</propertyID>
                                        <propertyGroup>END_B</propertyGroup>
                                    </mdElement>
                                </mdElement>
                            </PropertyVisitorAcceptor>
                        </defaults>
                    </custom>
                </group>
                <custom description="Template Binding" id="IDaction_1150876473748_870013_0" listAsElement="false" opposite="false" shortcut="pressed B " type="com.nomagic.uml2.ext.magicdraw.auxiliaryconstructs.mdtemplates.TemplateBinding">
                    <buttonicon filename="mdp://resource/com/nomagic/magicdraw/dmn/icons/diagrams/xmlschema/templatebindingnode.png" size="16" type="small"/>
                    <buttonicon filename="mdp://resource/com/nomagic/magicdraw/dmn/icons/diagrams/xmlschema/templatebindingnode.svg" size="16" type="large"/>
                    <defaults>
                        <PropertyVisitorAcceptor xmlns:xmi="http://www.omg.org/spec/XMI/20131001">
                            <mdElement elementClass="PropertyManager">
                                <mdElement elementClass="StringProperty">
                                    <propertyID>documentation</propertyID>
                                    <multiline xmi:value="true"/>
                                </mdElement>
                            </mdElement>
                        </PropertyVisitorAcceptor>
                    </defaults>
                </custom>
                <custom description="XSDrestriction" id="IDaction_1150876473764_347448_0" listAsElement="false" opposite="false" shortcut="pressed R " type="com.nomagic.uml2.ext.magicdraw.classes.mdkernel.Generalization">
                    <stereotype id="magicdraw_1046684253222_214512_445"/>
                    <buttonicon filename="mdp://resource/com/nomagic/magicdraw/dmn/icons/diagrams/xmlschema/generalr16.gif" size="16" type="small"/>
                    <buttonicon filename="mdp://resource/com/nomagic/magicdraw/dmn/icons/diagrams/xmlschema/generalr16.svg" size="16" type="large"/>
                    <defaults>
                        <PropertyVisitorAcceptor xmlns:xmi="http://www.omg.org/spec/XMI/20131001">
                            <mdElement elementClass="PropertyManager">
                                <mdElement elementClass="BooleanProperty">
                                    <propertyID>isSubstitutable</propertyID>
                                </mdElement>
                                <mdElement elementClass="StringProperty">
                                    <propertyID>documentation</propertyID>
                                    <multiline xmi:value="true"/>
                                </mdElement>
                            </mdElement>
                        </PropertyVisitorAcceptor>
                    </defaults>
                </custom>
                <custom description="XSDextension" id="IDaction_1150876473764_551124_0" listAsElement="false" opposite="false" shortcut="pressed E " type="com.nomagic.uml2.ext.magicdraw.classes.mdkernel.Generalization">
                    <stereotype id="magicdraw_1046684263597_121702_458"/>
                    <buttonicon filename="mdp://resource/com/nomagic/magicdraw/dmn/icons/diagrams/xmlschema/generale16.gif" size="16" type="small"/>
                    <buttonicon filename="mdp://resource/com/nomagic/magicdraw/dmn/icons/diagrams/xmlschema/generale16.svg" size="16" type="large"/>
                    <defaults>
                        <PropertyVisitorAcceptor xmlns:xmi="http://www.omg.org/spec/XMI/20131001">
                            <mdElement elementClass="PropertyManager">
                                <mdElement elementClass="BooleanProperty">
                                    <propertyID>isSubstitutable</propertyID>
                                </mdElement>
                                <mdElement elementClass="StringProperty">
                                    <propertyID>documentation</propertyID>
                                    <multiline xmi:value="true"/>
                                </mdElement>
                            </mdElement>
                        </PropertyVisitorAcceptor>
                    </defaults>
                </custom>
                <custom description="XSDimport" id="IDaction_1150876473764_425478_0" listAsElement="false" opposite="false" shortcut="pressed M " type="com.nomagic.uml2.ext.magicdraw.classes.mdkernel.PackageImport">
                    <stereotype id="magicdraw_1046692137689_667688_936"/>
                    <buttonicon filename="mdp://resource/com/nomagic/magicdraw/dmn/icons/diagrams/xmlschema/includenode.gif" size="16" type="small"/>
                    <buttonicon filename="mdp://resource/com/nomagic/magicdraw/dmn/icons/diagrams/xmlschema/includenode.svg" size="16" type="large"/>
                    <defaults>
                        <PropertyVisitorAcceptor xmlns:xmi="http://www.omg.org/spec/XMI/20131001">
                            <mdElement elementClass="PropertyManager">
                                <mdElement elementClass="ChoiceProperty">
                                    <propertyID>visibility</propertyID>
                                    <value>public</value>
                                    <choice xmi:value="public^private^protected^package"/>
                                    <index xmi:value="0"/>
                                </mdElement>
                                <mdElement elementClass="StringProperty">
                                    <propertyID>documentation</propertyID>
                                    <multiline xmi:value="true"/>
                                </mdElement>
                            </mdElement>
                        </PropertyVisitorAcceptor>
                    </defaults>
                </custom>
                <custom description="XSDinclude" id="IDaction_1150876473780_192740_0" listAsElement="false" opposite="false" shortcut="pressed D " type="com.nomagic.uml2.ext.magicdraw.components.mdbasiccomponents.Component">
                    <stereotype id="magicdraw_1046692319601_408228_1041"/>
                    <buttonicon filename="mdp://resource/com/nomagic/magicdraw/dmn/icons/diagrams/xmlschema/xml10.gif" size="16" type="small"/>
                    <buttonicon filename="mdp://resource/com/nomagic/magicdraw/dmn/icons/diagrams/xmlschema/xml10.svg" size="16" type="large"/>
                    <defaults>
                        <PropertyVisitorAcceptor xmlns:xmi="http://www.omg.org/spec/XMI/20131001">
                            <mdElement elementClass="PropertyManager">
                                <mdElement elementClass="BooleanProperty">
                                    <propertyID>isIndirectlyInstantiated</propertyID>
                                </mdElement>
                                <mdElement elementClass="BooleanProperty">
                                    <propertyID>isActive</propertyID>
                                </mdElement>
                                <mdElement elementClass="BooleanProperty">
                                    <propertyID>isAbstract</propertyID>
                                </mdElement>
                                <mdElement elementClass="BooleanProperty">
                                    <propertyID>isLeaf</propertyID>
                                </mdElement>
                                <mdElement elementClass="ChoiceProperty">
                                    <propertyID>visibility</propertyID>
                                    <value>public</value>
                                    <choice xmi:value="public^private^protected^package"/>
                                    <index xmi:value="0"/>
                                </mdElement>
                                <mdElement elementClass="StringProperty">
                                    <propertyID>documentation</propertyID>
                                    <multiline xmi:value="true"/>
                                </mdElement>
                            </mdElement>
                        </PropertyVisitorAcceptor>
                    </defaults>
                </custom>
                <custom description="XSDredefine" id="IDaction_1150876473780_675939_0" listAsElement="false" opposite="false" shortcut="shift pressed F " type="com.nomagic.uml2.ext.magicdraw.classes.mdkernel.Class">
                    <stereotype id="magicdraw_1046692066457_494917_912"/>
                    <buttonicon filename="mdp://resource/com/nomagic/magicdraw/dmn/icons/diagrams/xmlschema/xml9.gif" size="16" type="small"/>
                    <buttonicon filename="mdp://resource/com/nomagic/magicdraw/dmn/icons/diagrams/xmlschema/xml9.svg" size="16" type="large"/>
                    <defaults>
                        <PropertyVisitorAcceptor xmlns:xmi="http://www.omg.org/spec/XMI/20131001">
                            <mdElement elementClass="PropertyManager">
                                <mdElement elementClass="BooleanProperty">
                                    <propertyID>isActive</propertyID>
                                </mdElement>
                                <mdElement elementClass="BooleanProperty">
                                    <propertyID>isAbstract</propertyID>
                                </mdElement>
                                <mdElement elementClass="BooleanProperty">
                                    <propertyID>isLeaf</propertyID>
                                </mdElement>
                                <mdElement elementClass="ChoiceProperty">
                                    <propertyID>visibility</propertyID>
                                    <value>public</value>
                                    <choice xmi:value="public^private^protected^package"/>
                                    <index xmi:value="0"/>
                                </mdElement>
                                <mdElement elementClass="StringProperty">
                                    <propertyID>documentation</propertyID>
                                    <multiline xmi:value="true"/>
                                </mdElement>
                            </mdElement>
                        </PropertyVisitorAcceptor>
                    </defaults>
                </custom>
                <custom description="xmlns" id="IDaction_1150876473780_977635_0" listAsElement="false" opposite="false" shortcut="shift pressed L " type="com.nomagic.uml2.ext.magicdraw.classes.mdkernel.ElementImport">
                    <stereotype id="mindis_1048856543173_168767_1201"/>
                    <buttonicon filename="mdp://resource/com/nomagic/magicdraw/dmn/icons/diagrams/xmlschema/profilens16.gif" size="16" type="small"/>
                    <buttonicon filename="mdp://resource/com/nomagic/magicdraw/dmn/icons/diagrams/xmlschema/profilens16.svg" size="16" type="large"/>
                    <defaults>
                        <PropertyVisitorAcceptor xmlns:xmi="http://www.omg.org/spec/XMI/20131001">
                            <mdElement elementClass="PropertyManager">
                                <mdElement elementClass="ChoiceProperty">
                                    <propertyID>visibility</propertyID>
                                    <value>public</value>
                                    <choice xmi:value="public^private^protected^package"/>
                                    <index xmi:value="0"/>
                                </mdElement>
                                <mdElement elementClass="StringProperty">
                                    <propertyID>alias</propertyID>
                                    <multiline xmi:value="true"/>
                                </mdElement>
                                <mdElement elementClass="StringProperty">
                                    <propertyID>documentation</propertyID>
                                    <multiline xmi:value="true"/>
                                </mdElement>
                            </mdElement>
                        </PropertyVisitorAcceptor>
                    </defaults>
                </custom>
            </actions>
        </category>
    </toolbarConfiguration>
    <icon filename="mdp://resource/com/nomagic/magicdraw/dmn/icons/diagrams/xmlschema/xmlschemadiagram.gif" size="16" type="small"/>
    <icon filename="mdp://resource/com/nomagic/magicdraw/dmn/icons/diagrams/xmlschema/xmlschemadiagram.svg" size="-1" type="diagraming"/>
    <module location="/Users/admin/182/E:\INSTALL\MD_UML_150EAP_beta1_no_install\profiles\XML_Schema_Profile.mdzip" name="XML_Schema_Profile.mdzip">
        <root id="magicdraw_1046681783480_88871_0"/>
    </module>
    <module location="/Users/admin/182/E:\INSTALL\MD_UML_150EAP_beta1_no_install\profiles\UML_Standard_Profile.mdzip" name="UML_Standard_Profile.mdzip">
        <root id="magicdraw_uml_standard_profile_v_0001"/>
    </module>
    <elementstyle name="Class">
        <PropertyVisitorAcceptor xmlns:xmi="http://www.omg.org/spec/XMI/20131001">
            <mdElement elementClass="PropertyManager">
                <mdElement elementClass="ColorProperty">
                    <propertyID>FILL_COLOR</propertyID>
                    <value xmi:value="-3287061.0"/>
                </mdElement>
                <mdElement elementClass="ChoiceProperty">
                    <propertyID>STEREOTYPES_DISPLAY_MODE</propertyID>
                    <value>STEREOTYPE_DISPLAY_MODE_DO_NOT_DISPLAY_STEREOTYPES</value>
                    <choice xmi:value="STEREOTYPE_DISPLAY_MODE_TEXT_AND_ICON^STEREOTYPE_DISPLAY_MODE_TEXT^STEREOTYPE_DISPLAY_MODE_ICON^STEREOTYPE_DISPLAY_MODE_SHAPE_IMAGE_AND_TEXT^STEREOTYPE_DISPLAY_MODE_SHAPE_IMAGE^STEREOTYPE_DISPLAY_MODE_DO_NOT_DISPLAY_STEREOTYPES"/>
                    <index xmi:value="5"/>
                </mdElement>
            </mdElement>
        </PropertyVisitorAcceptor>
    </elementstyle>
    <elementstyle name="Package">
        <PropertyVisitorAcceptor xmlns:xmi="http://www.omg.org/spec/XMI/20131001">
            <mdElement elementClass="PropertyManager">
                <mdElement elementClass="ColorProperty">
                    <propertyID>FILL_COLOR</propertyID>
                    <value xmi:value="-3287061.0"/>
                </mdElement>
                <mdElement elementClass="ChoiceProperty">
                    <propertyID>STEREOTYPES_DISPLAY_MODE</propertyID>
                    <value>STEREOTYPE_DISPLAY_MODE_DO_NOT_DISPLAY_STEREOTYPES</value>
                    <choice xmi:value="STEREOTYPE_DISPLAY_MODE_TEXT_AND_ICON^STEREOTYPE_DISPLAY_MODE_TEXT^STEREOTYPE_DISPLAY_MODE_ICON^STEREOTYPE_DISPLAY_MODE_SHAPE_IMAGE_AND_TEXT^STEREOTYPE_DISPLAY_MODE_SHAPE_IMAGE^STEREOTYPE_DISPLAY_MODE_DO_NOT_DISPLAY_STEREOTYPES"/>
                    <index xmi:value="5"/>
                </mdElement>
            </mdElement>
        </PropertyVisitorAcceptor>
    </elementstyle>
    <elementstyle name="Diagram">
        <PropertyVisitorAcceptor xmlns:xmi="http://www.omg.org/spec/XMI/20131001">
            <mdElement elementClass="PropertyManager">
                <mdElement elementClass="BooleanProperty">
                    <propertyID>SHOW_DIAGRAM_FRAME</propertyID>
                    <propertyGroup>DIAGRAM_FRAME</propertyGroup>
                </mdElement>
                <mdElement elementClass="ChoiceProperty">
                    <propertyID>STEREOTYPES_DISPLAY_MODE</propertyID>
                    <value>STEREOTYPE_DISPLAY_MODE_TEXT_AND_ICON</value>
                    <choice xmi:value="STEREOTYPE_DISPLAY_MODE_TEXT_AND_ICON^STEREOTYPE_DISPLAY_MODE_TEXT^STEREOTYPE_DISPLAY_MODE_ICON^STEREOTYPE_DISPLAY_MODE_SHAPE_IMAGE_AND_TEXT^STEREOTYPE_DISPLAY_MODE_SHAPE_IMAGE^STEREOTYPE_DISPLAY_MODE_DO_NOT_DISPLAY_STEREOTYPES"/>
                    <index xmi:value="0"/>
                </mdElement>
            </mdElement>
        </PropertyVisitorAcceptor>
    </elementstyle>
    <manipulators>
        <element>com.nomagic.uml2.ext.magicdraw.mdusecases.Actor</element>
        <path action="ADD_NOTE_ANCHOR">
            <target>ADD_NOTE</target>
            <target>ADD_HTML_NOTE</target>
            <target>ADD_COMMENT</target>
            <target>ADD_HTML_COMMENT</target>
        </path>
    </manipulators>
    <manipulators>
        <element>com.nomagic.uml2.ext.magicdraw.deployments.mdartifacts.Artifact</element>
        <path action="ADD_NOTE_ANCHOR">
            <target>ADD_NOTE</target>
            <target>ADD_HTML_NOTE</target>
            <target>ADD_COMMENT</target>
            <target>ADD_HTML_COMMENT</target>
        </path>
    </manipulators>
    <manipulators>
        <symbol>com.nomagic.magicdraw.uml.symbols.paths.AssociationClassView</symbol>
        <path action="ADD_NOTE_ANCHOR">
            <target>ADD_NOTE</target>
            <target>ADD_HTML_NOTE</target>
            <target>ADD_COMMENT</target>
            <target>ADD_HTML_COMMENT</target>
        </path>
    </manipulators>
    <manipulators>
        <stereotype id="magicdraw_1046684505444_590497_493" name="XS Dattribute Group"/>
        <symbol>com.nomagic.magicdraw.uml.symbols.shapes.ClassView</symbol>
        <path action="IDaction_1150876473748_443527_0">
            <target>IDaction_1150876473686_332460_0</target>
            <target>IDaction_1150876473686_511428_0</target>
            <target>IDaction_1150876473701_936531_0</target>
            <target>IDaction_1150876473717_899382_0</target>
        </path>
        <path action="IDaction_1150876473733_591202_0">
            <target>IDaction_1150876473686_332460_0</target>
            <target>IDaction_1150876473686_511428_0</target>
            <target>IDaction_1150876473701_936531_0</target>
            <target>IDaction_1150876473717_899382_0</target>
        </path>
        <path action="ADD_NOTE_ANCHOR">
            <target>ADD_NOTE</target>
            <target>ADD_HTML_NOTE</target>
            <target>ADD_COMMENT</target>
            <target>ADD_HTML_COMMENT</target>
        </path>
    </manipulators>
    <manipulators>
        <stereotype id="magicdraw_1046683925771_890789_304" name="XS Dall"/>
        <symbol>com.nomagic.magicdraw.uml.symbols.shapes.ClassView</symbol>
        <path action="IDaction_1150876473748_443527_0">
            <target>IDaction_1150876473686_475969_0</target>
            <target>IDaction_1150876473686_332460_0</target>
            <target>IDaction_1150876473686_511428_0</target>
            <target>IDaction_1150876473701_936531_0</target>
        </path>
        <path action="IDaction_1150876473733_591202_0">
            <target>IDaction_1150876473686_475969_0</target>
            <target>IDaction_1150876473686_332460_0</target>
            <target>IDaction_1150876473686_511428_0</target>
            <target>IDaction_1150876473701_936531_0</target>
        </path>
        <path action="ADD_NOTE_ANCHOR">
            <target>ADD_NOTE</target>
            <target>ADD_HTML_NOTE</target>
            <target>ADD_COMMENT</target>
            <target>ADD_HTML_COMMENT</target>
        </path>
    </manipulators>
    <manipulators>
        <stereotype id="magicdraw_1046683977135_115448_338" name="XS Dchoice"/>
        <symbol>com.nomagic.magicdraw.uml.symbols.shapes.ClassView</symbol>
        <path action="IDaction_1150876473748_443527_0">
            <target>IDaction_1150876473686_475969_0</target>
            <target>IDaction_1150876473686_332460_0</target>
            <target>IDaction_1150876473686_511428_0</target>
            <target>IDaction_1150876473701_936531_0</target>
            <target>IDaction_1150876473701_148637_0</target>
            <target>IDaction_1150876473717_32295_0</target>
            <target>IDaction_1150876473717_668193_0</target>
        </path>
        <path action="IDaction_1150876473733_591202_0">
            <target>IDaction_1150876473686_475969_0</target>
            <target>IDaction_1150876473686_332460_0</target>
            <target>IDaction_1150876473686_511428_0</target>
            <target>IDaction_1150876473701_936531_0</target>
            <target>IDaction_1150876473701_148637_0</target>
            <target>IDaction_1150876473717_32295_0</target>
            <target>IDaction_1150876473717_668193_0</target>
        </path>
        <path action="ADD_NOTE_ANCHOR">
            <target>ADD_NOTE</target>
            <target>ADD_HTML_NOTE</target>
            <target>ADD_COMMENT</target>
            <target>ADD_HTML_COMMENT</target>
        </path>
    </manipulators>
    <manipulators>
        <stereotype id="magicdraw_1046683513168_247247_153" name="XS Dcomplex Type"/>
        <symbol>com.nomagic.magicdraw.uml.symbols.shapes.ClassView</symbol>
        <path action="IDaction_1150876473764_551124_0">
            <target>IDaction_1150876473686_475969_0</target>
            <target>IDaction_1150876473686_332460_0</target>
        </path>
        <path action="IDaction_1150876473764_347448_0">
            <target>IDaction_1150876473686_475969_0</target>
        </path>
        <path action="IDaction_1150876473748_443527_0">
            <target>IDaction_1150876473686_475969_0</target>
            <target>IDaction_1150876473686_332460_0</target>
            <target>IDaction_1150876473686_511428_0</target>
            <target>IDaction_1150876473701_936531_0</target>
            <target>IDaction_1150876473701_998455_0</target>
            <target>IDaction_1150876473701_148637_0</target>
            <target>IDaction_1150876473717_32295_0</target>
            <target>IDaction_1150876473717_668193_0</target>
            <target>IDaction_1150876473717_899382_0</target>
        </path>
        <path action="IDaction_1150876473733_591202_0">
            <target>IDaction_1150876473686_475969_0</target>
            <target>IDaction_1150876473686_332460_0</target>
            <target>IDaction_1150876473686_511428_0</target>
            <target>IDaction_1150876473701_936531_0</target>
            <target>IDaction_1150876473701_998455_0</target>
            <target>IDaction_1150876473701_148637_0</target>
            <target>IDaction_1150876473717_32295_0</target>
            <target>IDaction_1150876473717_668193_0</target>
            <target>IDaction_1150876473717_899382_0</target>
        </path>
        <path action="ADD_NOTE_ANCHOR">
            <target>ADD_NOTE</target>
            <target>ADD_HTML_NOTE</target>
            <target>ADD_COMMENT</target>
            <target>ADD_HTML_COMMENT</target>
        </path>
    </manipulators>
    <manipulators>
        <stereotype id="magicdraw_1046684050961_823063_391" name="XS Dsequence"/>
        <symbol>com.nomagic.magicdraw.uml.symbols.shapes.ClassView</symbol>
        <path action="IDaction_1150876473748_443527_0">
            <target>IDaction_1150876473686_475969_0</target>
            <target>IDaction_1150876473686_332460_0</target>
            <target>IDaction_1150876473686_511428_0</target>
            <target>IDaction_1150876473701_936531_0</target>
            <target>IDaction_1150876473701_148637_0</target>
            <target>IDaction_1150876473717_32295_0</target>
            <target>IDaction_1150876473717_668193_0</target>
        </path>
        <path action="IDaction_1150876473733_591202_0">
            <target>IDaction_1150876473686_475969_0</target>
            <target>IDaction_1150876473686_332460_0</target>
            <target>IDaction_1150876473686_511428_0</target>
            <target>IDaction_1150876473701_936531_0</target>
            <target>IDaction_1150876473701_148637_0</target>
            <target>IDaction_1150876473717_32295_0</target>
            <target>IDaction_1150876473717_668193_0</target>
        </path>
        <path action="ADD_NOTE_ANCHOR">
            <target>ADD_NOTE</target>
            <target>ADD_HTML_NOTE</target>
            <target>ADD_COMMENT</target>
            <target>ADD_HTML_COMMENT</target>
        </path>
    </manipulators>
    <manipulators>
        <stereotype id="magicdraw_1046684825414_271552_516" name="XS Dsimple Type"/>
        <symbol>com.nomagic.magicdraw.uml.symbols.shapes.ClassView</symbol>
        <path action="IDaction_1150876473764_347448_0">
            <target>IDaction_1150876473686_332460_0</target>
        </path>
        <path action="ADD_NOTE_ANCHOR">
            <target>ADD_NOTE</target>
            <target>ADD_HTML_NOTE</target>
            <target>ADD_COMMENT</target>
            <target>ADD_HTML_COMMENT</target>
        </path>
    </manipulators>
    <manipulators>
        <stereotype id="magicdraw_1046684825414_271552_516" name="XS Dsimple Type"/>
        <stereotype id="magicdraw_1046685205471_868982_592" name="XS Dlist"/>
        <symbol>com.nomagic.magicdraw.uml.symbols.shapes.ClassView</symbol>
        <path action="IDaction_1150876473748_870013_0">
            <target>IDaction_1150876473686_332460_0</target>
            <target>IDaction_1150876473686_511428_0</target>
            <target>IDaction_1150876473701_936531_0</target>
        </path>
    </manipulators>
    <manipulators>
        <stereotype id="magicdraw_1046690975758_61917_621" name="XS Dunion"/>
        <stereotype id="magicdraw_1046684825414_271552_516" name="XS Dsimple Type"/>
        <symbol>com.nomagic.magicdraw.uml.symbols.shapes.ClassView</symbol>
        <path action="IDaction_1150876473764_347448_0">
            <target>IDaction_1150876473686_332460_0</target>
            <target>IDaction_1150876473686_511428_0</target>
        </path>
        <path action="IDaction_1150876473748_443527_0">
            <target>IDaction_1150876473686_332460_0</target>
            <target>IDaction_1150876473686_511428_0</target>
        </path>
        <path action="IDaction_1150876473733_591202_0">
            <target>IDaction_1150876473686_511428_0</target>
        </path>
        <path action="ADD_NOTE_ANCHOR">
            <target>ADD_NOTE</target>
            <target>ADD_HTML_NOTE</target>
            <target>ADD_COMMENT</target>
            <target>ADD_HTML_COMMENT</target>
        </path>
    </manipulators>
    <manipulators>
        <stereotype id="magicdraw_1046691534852_460080_805" name="XS Dschema"/>
        <symbol>com.nomagic.magicdraw.uml.symbols.shapes.ClassView</symbol>
        <path action="IDaction_1150876473780_977635_0">
            <target>IDaction_1150876473733_593882_0</target>
        </path>
        <path action="IDaction_1150876473764_425478_0">
            <target>IDaction_1150876473733_593882_0</target>
        </path>
        <path action="ADD_NOTE_ANCHOR">
            <target>ADD_NOTE</target>
            <target>ADD_HTML_NOTE</target>
            <target>ADD_COMMENT</target>
            <target>ADD_HTML_COMMENT</target>
        </path>
    </manipulators>
    <manipulators>
        <element>com.nomagic.uml2.ext.magicdraw.classes.mdkernel.Class</element>
        <path action="ADD_NOTE_ANCHOR">
            <target>ADD_NOTE</target>
            <target>ADD_HTML_NOTE</target>
            <target>ADD_COMMENT</target>
            <target>ADD_HTML_COMMENT</target>
        </path>
    </manipulators>
    <manipulators>
        <element>com.nomagic.uml2.ext.magicdraw.compositestructures.mdcollaborations.Collaboration</element>
        <path action="ADD_NOTE_ANCHOR">
            <target>ADD_NOTE</target>
            <target>ADD_HTML_NOTE</target>
            <target>ADD_COMMENT</target>
            <target>ADD_HTML_COMMENT</target>
        </path>
    </manipulators>
    <manipulators>
        <stereotype id="_9_0_2_91a0295_1111479028825_93211_0" name="Subsystem"/>
        <symbol>com.nomagic.magicdraw.uml.symbols.shapes.ComponentView</symbol>
        <path action="ADD_NOTE_ANCHOR">
            <target>ADD_NOTE</target>
            <target>ADD_HTML_NOTE</target>
            <target>ADD_COMMENT</target>
            <target>ADD_HTML_COMMENT</target>
        </path>
    </manipulators>
    <manipulators>
        <element>com.nomagic.uml2.ext.magicdraw.components.mdbasiccomponents.Component</element>
        <path action="ADD_NOTE_ANCHOR">
            <target>ADD_NOTE</target>
            <target>ADD_HTML_NOTE</target>
            <target>ADD_COMMENT</target>
            <target>ADD_HTML_COMMENT</target>
        </path>
    </manipulators>
    <manipulators>
        <element>com.nomagic.uml2.ext.magicdraw.classes.mdkernel.DataType</element>
        <path action="ADD_NOTE_ANCHOR">
            <target>ADD_NOTE</target>
            <target>ADD_HTML_NOTE</target>
            <target>ADD_COMMENT</target>
            <target>ADD_HTML_COMMENT</target>
        </path>
    </manipulators>
    <manipulators>
        <element>com.nomagic.uml2.ext.magicdraw.deployments.mdcomponentdeployments.DeploymentSpecification</element>
        <path action="ADD_NOTE_ANCHOR">
            <target>ADD_NOTE</target>
            <target>ADD_HTML_NOTE</target>
            <target>ADD_COMMENT</target>
            <target>ADD_HTML_COMMENT</target>
        </path>
    </manipulators>
    <manipulators>
        <element>com.nomagic.uml2.ext.magicdraw.deployments.mdnodes.Device</element>
        <path action="ADD_NOTE_ANCHOR">
            <target>ADD_NOTE</target>
            <target>ADD_HTML_NOTE</target>
            <target>ADD_COMMENT</target>
            <target>ADD_HTML_COMMENT</target>
        </path>
    </manipulators>
    <manipulators>
        <element>com.nomagic.uml2.ext.magicdraw.classes.mdkernel.Enumeration</element>
        <path action="ADD_NOTE_ANCHOR">
            <target>ADD_NOTE</target>
            <target>ADD_HTML_NOTE</target>
            <target>ADD_COMMENT</target>
            <target>ADD_HTML_COMMENT</target>
        </path>
    </manipulators>
    <manipulators>
        <element>com.nomagic.uml2.ext.magicdraw.deployments.mdnodes.ExecutionEnvironment</element>
        <path action="ADD_NOTE_ANCHOR">
            <target>ADD_NOTE</target>
            <target>ADD_HTML_NOTE</target>
            <target>ADD_COMMENT</target>
            <target>ADD_HTML_COMMENT</target>
        </path>
    </manipulators>
    <manipulators>
        <element>com.nomagic.uml2.ext.magicdraw.classes.mdkernel.InstanceSpecification</element>
        <path action="ADD_NOTE_ANCHOR">
            <target>ADD_NOTE</target>
            <target>ADD_HTML_NOTE</target>
            <target>ADD_COMMENT</target>
            <target>ADD_HTML_COMMENT</target>
        </path>
    </manipulators>
    <manipulators>
        <element>com.nomagic.uml2.ext.magicdraw.classes.mdinterfaces.Interface</element>
        <path action="ADD_NOTE_ANCHOR">
            <target>ADD_NOTE</target>
            <target>ADD_HTML_NOTE</target>
            <target>ADD_COMMENT</target>
            <target>ADD_HTML_COMMENT</target>
        </path>
    </manipulators>
    <manipulators>
        <element>com.nomagic.uml2.ext.magicdraw.auxiliaryconstructs.mdmodels.Model</element>
        <path action="ADD_NOTE_ANCHOR">
            <target>ADD_NOTE</target>
            <target>ADD_HTML_NOTE</target>
            <target>ADD_COMMENT</target>
            <target>ADD_HTML_COMMENT</target>
        </path>
    </manipulators>
    <manipulators>
        <symbol>com.nomagic.magicdraw.uml.symbols.shapes.NNaryAssociationView</symbol>
        <path action="ADD_NOTE_ANCHOR">
            <target>ADD_NOTE</target>
            <target>ADD_HTML_NOTE</target>
            <target>ADD_COMMENT</target>
            <target>ADD_HTML_COMMENT</target>
        </path>
    </manipulators>
    <manipulators>
        <element>com.nomagic.uml2.ext.magicdraw.deployments.mdnodes.Node</element>
        <path action="ADD_NOTE_ANCHOR">
            <target>ADD_NOTE</target>
            <target>ADD_HTML_NOTE</target>
            <target>ADD_COMMENT</target>
            <target>ADD_HTML_COMMENT</target>
        </path>
    </manipulators>
    <manipulators>
        <element>com.nomagic.uml2.ext.magicdraw.classes.mdkernel.Package</element>
        <path action="ADD_NOTE_ANCHOR">
            <target>ADD_NOTE</target>
            <target>ADD_HTML_NOTE</target>
            <target>ADD_COMMENT</target>
            <target>ADD_HTML_COMMENT</target>
        </path>
    </manipulators>
    <manipulators>
        <element>com.nomagic.uml2.ext.magicdraw.compositestructures.mdports.Port</element>
        <path action="ADD_NOTE_ANCHOR">
            <target>ADD_NOTE</target>
            <target>ADD_HTML_NOTE</target>
            <target>ADD_COMMENT</target>
            <target>ADD_HTML_COMMENT</target>
        </path>
    </manipulators>
    <manipulators>
        <element>com.nomagic.uml2.ext.magicdraw.classes.mdkernel.PrimitiveType</element>
        <path action="ADD_NOTE_ANCHOR">
            <target>ADD_NOTE</target>
            <target>ADD_HTML_NOTE</target>
            <target>ADD_COMMENT</target>
            <target>ADD_HTML_COMMENT</target>
        </path>
    </manipulators>
    <manipulators>
        <element>com.nomagic.uml2.ext.magicdraw.commonbehaviors.mdcommunications.Signal</element>
        <path action="ADD_NOTE_ANCHOR">
            <target>ADD_NOTE</target>
            <target>ADD_HTML_NOTE</target>
            <target>ADD_COMMENT</target>
            <target>ADD_HTML_COMMENT</target>
        </path>
    </manipulators>
    <manipulators>
        <element>com.nomagic.uml2.ext.magicdraw.mdprofiles.Stereotype</element>
        <path action="ADD_NOTE_ANCHOR">
            <target>ADD_NOTE</target>
            <target>ADD_HTML_NOTE</target>
            <target>ADD_COMMENT</target>
            <target>ADD_HTML_COMMENT</target>
        </path>
    </manipulators>
    <manipulators>
        <element>com.nomagic.uml2.ext.magicdraw.mdusecases.UseCase</element>
        <path action="ADD_NOTE_ANCHOR">
            <target>ADD_NOTE</target>
            <target>ADD_HTML_NOTE</target>
            <target>ADD_COMMENT</target>
            <target>ADD_HTML_COMMENT</target>
        </path>
    </manipulators>
</diagram>

