<?xml version="1.0" encoding="UTF-8" standalone="yes"?>
<resourceDescriptor
		   critical="false"
		   date="2020-02-21"
		   description="Cameo Data Modeler Plugin provides a set of capabilities covering these data modeling areas: Entity-Relationship modeling, Database modeling and XML Schema modeling. It includes the necessary profiles, custom diagrams and other GUI customizations for modeling, code engineering capabilities to generate and reverse-engineer SQL scripts and XML schema files, logical(ER) model import from CA ERwin Data Modeler v7.x, a set of helper transformations, ER&amp;SQL report etc."
		   id="1454"
		   mdVersionMax="higher"
		   mdVersionMin="18.5 SP2"
		   name="Cameo Data Modeler"
		   product="Cameo Data Modeler"
		   homePage="http://www.nomagic.com"
		   
		   type="Plugin (commercial)">
	<version
		human="19.0 SP4"
		resource="19000104"
		internal="1900010" />
	
	<provider
		 name="No Magic" />

	<edition>Reader</edition>
	
	<edition>Standard</edition>
	
	<edition>Professional Java</edition>
	
	<edition>Professional C++</edition>
	
	<edition>Professional C#</edition>
	
	<edition>Architect</edition>
	
	<edition>Enterprise</edition>



<compatibleResources timestamp="1584141551575">
    <resource name="MagicDraw" version="12.5 beta2" compatible="false"/>
    <resource name="MagicDraw" version="15.5 beta" compatible="false"/>
    <resource name="MagicDraw" version="15.5 beta2" compatible="false"/>
    <resource name="MagicDraw" version="15.5" compatible="false"/>
    <resource name="MagicDraw" version="16.0" compatible="false"/>
    <resource name="MagicDraw" version="15.1" compatible="false"/>
    <resource name="MagicDraw" version="15.0 beta2" compatible="false"/>
    <resource name="MagicDraw" version="16.5 beta1" compatible="false"/>
    <resource name="MagicDraw" version="16.5 beta2" compatible="false"/>
    <resource name="MagicDraw" version="12.0" compatible="false"/>
    <resource name="MagicDraw" version="16.0 beta2" compatible="false"/>
    <resource name="MagicDraw" version="16.5" compatible="false"/>
    <resource name="MagicDraw" version="16.5 SP3" compatible="false"/>
    <resource name="MagicDraw" version="16.6 beta" compatible="false"/>
    <resource name="MagicDraw" version="12.5 beta1" compatible="false"/>
    <resource name="MagicDraw" version="16.6 SP1" compatible="false"/>
    <resource name="MagicDraw" version="16.0 beta" compatible="false"/>
    <resource name="MagicDraw" version="14.0" compatible="false"/>
    <resource name="MagicDraw" version="16.5 SP2" compatible="false"/>
    <resource name="MagicDraw" version="15.0" compatible="false"/>
    <resource name="MagicDraw" version="16.9 beta" compatible="false"/>
    <resource name="MagicDraw" version="16.6" compatible="false"/>
    <resource name="MagicDraw" version="16.5 SP4" compatible="false"/>
    <resource name="MagicDraw" version="16.5 SP1" compatible="false"/>
    <resource name="MagicDraw" version="12.5" compatible="false"/>
    <resource name="MagicDraw" version="16.6 SP2" compatible="false"/>
    <resource name="MagicDraw" version="16.9" compatible="false"/>
    <resource name="MagicDraw" version="16.8 beta" compatible="false"/>
    <resource name="MagicDraw" version="17.0" compatible="false"/>
    <resource name="MagicDraw" version="17.0 beta" compatible="false"/>
    <resource name="MagicDraw" version="17.0 SP2" compatible="false"/>
    <resource name="MagicDraw" version="16.8" compatible="false"/>
    <resource name="MagicDraw" version="17.0.1 SP1" compatible="false"/>
    <resource name="MagicDraw" version="17.0.1 SP2" compatible="false"/>
    <resource name="MagicDraw" version="17.0 SP4" compatible="false"/>
    <resource name="MagicDraw" version="17.0 SP6" compatible="false"/>
    <resource name="MagicDraw" version="17.0 SP1" compatible="false"/>
    <resource name="MagicDraw" version="17.0.1" compatible="false"/>
    <resource name="MagicDraw" version="17.0.2 SP3" compatible="false"/>
    <resource name="MagicDraw" version="17.0 SP5" compatible="false"/>
    <resource name="MagicDraw" version="17.0.1 beta1" compatible="false"/>
    <resource name="MagicDraw" version="17.0.3 beta" compatible="false"/>
    <resource name="MagicDraw" version="17.0.1 beta2" compatible="false"/>
    <resource name="MagicDraw" version="17.0.2 SP1" compatible="false"/>
    <resource name="MagicDraw" version="17.0.2 SP2" compatible="false"/>
    <resource name="MagicDraw" version="17.0.3 SP1" compatible="false"/>
    <resource name="MagicDraw" version="17.0.4 beta" compatible="false"/>
    <resource name="MagicDraw" version="17.0 SP3" compatible="false"/>
    <resource name="MagicDraw" version="17.0.2 SP4" compatible="false"/>
    <resource name="MagicDraw" version="17.0.4" compatible="false"/>
    <resource name="MagicDraw" version="17.0.2" compatible="false"/>
    <resource name="MagicDraw" version="17.0.4 SP2" compatible="false"/>
    <resource name="MagicDraw" version="17.0.3" compatible="false"/>
    <resource name="MagicDraw" version="17.0.2 beta" compatible="false"/>
    <resource name="MagicDraw" version="17.0.5 SP1" compatible="false"/>
    <resource name="MagicDraw" version="17.0.5" compatible="false"/>
    <resource name="MagicDraw" version="17.0.5 beta" compatible="false"/>
    <resource name="MagicDraw" version="18.0 beta" compatible="false"/>
    <resource name="MagicDraw" version="18.0" compatible="false"/>
    <resource name="MagicDraw" version="17.0.4 SP1" compatible="false"/>
    <resource name="MagicDraw" version="18.0 SP1" compatible="false"/>
    <resource name="MagicDraw" version="18.0 SP2" compatible="false"/>
    <resource name="MagicDraw" version="18.0 SP3" compatible="false"/>
    <resource name="MagicDraw" version="18.0 SP4" compatible="false"/>
    <resource name="MagicDraw" version="18.1" compatible="false"/>
    <resource name="MagicDraw" version="18.2" compatible="false"/>
    <resource name="MagicDraw" version="18.3 beta" compatible="false"/>
    <resource name="MagicDraw" version="18.0 SP5" compatible="false"/>
    <resource name="MagicDraw" version="18.3" compatible="false"/>
    <resource name="MagicDraw" version="18.4 beta" compatible="false"/>
    <resource name="MagicDraw" version="18.0 SP6" compatible="false"/>
    <resource name="MagicDraw" version="18.5 beta" compatible="false"/>
    <resource name="MagicDraw" version="18.4 SP1" compatible="false"/>
    <resource name="MagicDraw" version="19.0 beta" compatible="false"/>
    <resource name="MagicDraw" version="18.5" compatible="false"/>
    <resource name="MagicDraw" version="18.4" compatible="false"/>
    <resource name="MagicDraw" version="19.1 beta" compatible="false"/>
    <resource name="MagicDraw" version="18.5 SP1" compatible="false"/>
    <resource name="MagicDraw" version="19.0 SP1" compatible="false"/>
    <resource name="MagicDraw" version="18.5 SP2" compatible="false"/>
    <resource name="MagicDraw" version="19.0 SP3" compatible="false"/>
    <resource name="MagicDraw" version="19.0" compatible="false"/>
    <resource name="MagicDraw" version="20.0" compatible="false"/>
    <resource name="MagicDraw" version="18.5 SP3" compatible="false"/>
    <resource name="MagicDraw" version="18.0 SP7" compatible="false"/>
    <resource name="Cameo Systems Modeler" version="17.0.3" compatible="false"/>
    <resource name="Cameo Systems Modeler" version="17.0.3 SP1" compatible="false"/>
    <resource name="MagicDraw" version="19.0 SP2" compatible="false"/>
    <resource name="Cameo Systems Modeler" version="17.0.4" compatible="false"/>
    <resource name="MagicDraw" version="19.0 SP4" compatible="true"/>
    <resource name="Cameo Systems Modeler" version="17.0.5" compatible="false"/>
    <resource name="Cameo Systems Modeler" version="17.0.4 SP1" compatible="false"/>
    <resource name="MagicDraw" version="18.5 SP4" compatible="false"/>
    <resource name="Cameo Systems Modeler" version="17.0.4 SP2" compatible="false"/>
    <resource name="Cameo Systems Modeler" version="18.1" compatible="false"/>
    <resource name="Cameo Systems Modeler" version="18.0 SP1" compatible="false"/>
    <resource name="Cameo Systems Modeler" version="17.0.5 SP1" compatible="false"/>
    <resource name="Cameo Systems Modeler" version="18.0" compatible="false"/>
    <resource name="Cameo Systems Modeler" version="18.2" compatible="false"/>
    <resource name="Cameo Systems Modeler" version="18.0 SP3" compatible="false"/>
    <resource name="Cameo Systems Modeler" version="18.3 beta" compatible="false"/>
    <resource name="Cameo Systems Modeler" version="18.0 SP5" compatible="false"/>
    <resource name="Cameo Systems Modeler" version="18.3" compatible="false"/>
    <resource name="Cameo Systems Modeler" version="18.4 beta" compatible="false"/>
    <resource name="Cameo Systems Modeler" version="18.0 SP6" compatible="false"/>
    <resource name="Cameo Systems Modeler" version="18.4" compatible="false"/>
    <resource name="Cameo Systems Modeler" version="18.5 beta" compatible="false"/>
    <resource name="Cameo Systems Modeler" version="18.4 SP1" compatible="false"/>
    <resource name="Cameo Systems Modeler" version="18.0 SP2" compatible="false"/>
    <resource name="Cameo Systems Modeler" version="18.5 SP2" compatible="false"/>
    <resource name="Cameo Systems Modeler" version="18.5 SP1" compatible="false"/>
    <resource name="Cameo Systems Modeler" version="19.0 SP2" compatible="false"/>
    <resource name="Cameo Systems Modeler" version="18.0 SP7" compatible="false"/>
    <resource name="Cameo Systems Modeler" version="18.5 SP3" compatible="false"/>
    <resource name="Cameo Systems Modeler" version="19.0 SP1" compatible="false"/>
    <resource name="Cameo Systems Modeler" version="19.0 SP3" compatible="false"/>
    <resource name="Cameo Systems Modeler" version="19.1 beta" compatible="false"/>
    <resource name="Cameo Systems Modeler" version="18.0 SP4" compatible="false"/>
    <resource name="Cameo Systems Modeler" version="19.0 SP4" compatible="false"/>
    <resource name="Cameo Enterprise Architecture" version="17.0" compatible="false"/>
    <resource name="Cameo Systems Modeler" version="19.0 beta" compatible="false"/>
    <resource name="Cameo Enterprise Architecture" version="17.0 SP4" compatible="false"/>
    <resource name="Cameo Systems Modeler" version="18.5 SP4" compatible="false"/>
    <resource name="Cameo Systems Modeler" version="20.0" compatible="false"/>
    <resource name="Cameo Systems Modeler" version="19.0" compatible="false"/>
    <resource name="Cameo Enterprise Architecture" version="17.0 SP1" compatible="false"/>
    <resource name="Cameo Enterprise Architecture" version="17.0.1 SP1" compatible="false"/>
    <resource name="Cameo Systems Modeler" version="18.5" compatible="false"/>
    <resource name="Cameo Enterprise Architecture" version="17.0 SP2" compatible="false"/>
    <resource name="Cameo Enterprise Architecture" version="17.0 SP5" compatible="false"/>
    <resource name="Cameo Enterprise Architecture" version="17.0.2 SP4" compatible="false"/>
    <resource name="Cameo Enterprise Architecture" version="17.0 SP3" compatible="false"/>
    <resource name="Cameo Enterprise Architecture" version="17.0.1 SP2" compatible="false"/>
    <resource name="Cameo Enterprise Architecture" version="17.0.3 SP1" compatible="false"/>
    <resource name="Cameo Enterprise Architecture" version="17.0.2 SP2" compatible="false"/>
    <resource name="Cameo Enterprise Architecture" version="17.0.2" compatible="false"/>
    <resource name="Cameo Enterprise Architecture" version="17.0.1" compatible="false"/>
    <resource name="Cameo Enterprise Architecture" version="17.0.5 SP1" compatible="false"/>
    <resource name="Cameo Enterprise Architecture" version="17.0 SP6" compatible="false"/>
    <resource name="Cameo Enterprise Architecture" version="17.0.4 SP1" compatible="false"/>
    <resource name="Cameo Enterprise Architecture" version="17.0.4 SP2" compatible="false"/>
    <resource name="Cameo Enterprise Architecture" version="18.0 SP3" compatible="false"/>
    <resource name="Cameo Enterprise Architecture" version="17.0.5" compatible="false"/>
    <resource name="Cameo Enterprise Architecture" version="17.0.2 SP3" compatible="false"/>
    <resource name="Cameo Enterprise Architecture" version="18.2" compatible="false"/>
    <resource name="Cameo Enterprise Architecture" version="17.0.3" compatible="false"/>
    <resource name="Cameo Enterprise Architecture" version="17.0.4" compatible="false"/>
    <resource name="Cameo Enterprise Architecture" version="18.0 SP2" compatible="false"/>
    <resource name="Cameo Enterprise Architecture" version="18.0" compatible="false"/>
    <resource name="Cameo Enterprise Architecture" version="18.1" compatible="false"/>
    <resource name="Cameo Enterprise Architecture" version="18.3 beta" compatible="false"/>
    <resource name="Cameo Enterprise Architecture" version="18.0 SP1" compatible="false"/>
    <resource name="Cameo Enterprise Architecture" version="17.0.2 SP1" compatible="false"/>
    <resource name="Cameo Enterprise Architecture" version="18.3" compatible="false"/>
    <resource name="Cameo Enterprise Architecture" version="18.4 beta" compatible="false"/>
    <resource name="Cameo Enterprise Architecture" version="18.0 SP4" compatible="false"/>
    <resource name="Cameo Enterprise Architecture" version="18.0 SP6" compatible="false"/>
    <resource name="Cameo Enterprise Architecture" version="18.4" compatible="false"/>
    <resource name="Cameo Enterprise Architecture" version="18.4 SP1" compatible="false"/>
    <resource name="Cameo Enterprise Architecture" version="18.5 SP1" compatible="false"/>
    <resource name="Cameo Enterprise Architecture" version="18.0 SP5" compatible="false"/>
    <resource name="Cameo Enterprise Architecture" version="18.5 beta" compatible="false"/>
    <resource name="Cameo Enterprise Architecture" version="18.5 SP2" compatible="false"/>
    <resource name="Cameo Enterprise Architecture" version="19.0 beta" compatible="false"/>
    <resource name="Cameo Enterprise Architecture" version="19.0" compatible="false"/>
    <resource name="Cameo Enterprise Architecture" version="19.1 beta" compatible="false"/>
    <resource name="Cameo Enterprise Architecture" version="18.0 SP7" compatible="false"/>
    <resource name="Cameo Enterprise Architecture" version="19.0 SP1" compatible="false"/>
    <resource name="Cameo Enterprise Architecture" version="19.0 SP2" compatible="false"/>
    <resource name="Cameo Enterprise Architecture" version="18.5" compatible="false"/>
    <resource name="Cameo Business Modeler" version="17.0.1 SP1" compatible="false"/>
    <resource name="Cameo Enterprise Architecture" version="20.0" compatible="false"/>
    <resource name="Cameo Business Modeler" version="17.0.2" compatible="false"/>
    <resource name="Cameo Enterprise Architecture" version="18.5 SP3" compatible="false"/>
    <resource name="Cameo Enterprise Architecture" version="19.0 SP3" compatible="false"/>
    <resource name="Cameo Business Modeler" version="17.0.2 SP2" compatible="false"/>
    <resource name="Cameo Business Modeler" version="17.0.1" compatible="false"/>
    <resource name="Cameo Enterprise Architecture" version="19.0 SP4" compatible="true"/>
    <resource name="Cameo Business Modeler" version="17.0.1 SP2" compatible="false"/>
    <resource name="Cameo Enterprise Architecture" version="18.5 SP4" compatible="false"/>
    <resource name="Cameo Business Modeler" version="17.0.2 SP4" compatible="false"/>
    <resource name="Cameo Business Modeler" version="17.0.2 SP1" compatible="false"/>
    <resource name="Cameo Business Modeler" version="17.0.3 SP1" compatible="false"/>
    <resource name="Cameo Business Modeler" version="17.0.5" compatible="false"/>
    <resource name="Cameo Business Modeler" version="17.0.4" compatible="false"/>
    <resource name="Cameo Business Modeler" version="17.0.4 SP1" compatible="false"/>
    <resource name="Cameo Business Modeler" version="18.1" compatible="false"/>
    <resource name="Cameo Business Modeler" version="17.0.2 SP3" compatible="false"/>
    <resource name="Cameo Business Modeler" version="17.0.3" compatible="false"/>
    <resource name="Cameo Business Modeler" version="18.0" compatible="false"/>
    <resource name="Cameo Business Modeler" version="17.0.5 SP1" compatible="false"/>
    <resource name="Cameo Business Modeler" version="18.0 SP2" compatible="false"/>
    <resource name="Cameo Business Modeler" version="18.2" compatible="false"/>
    <resource name="Cameo Business Modeler" version="18.0 SP1" compatible="false"/>
    <resource name="Cameo Business Modeler" version="18.3 beta" compatible="false"/>
    <resource name="Cameo Business Modeler" version="18.0 SP3" compatible="false"/>
    <resource name="Cameo Business Modeler" version="17.0.4 SP2" compatible="false"/>
    <resource name="Cameo Business Modeler" version="18.0 SP5" compatible="false"/>
    <resource name="Cameo Business Modeler" version="18.4 beta" compatible="false"/>
    <resource name="Cameo Business Modeler" version="18.5 beta" compatible="false"/>
    <resource name="Cameo Business Modeler" version="18.0 SP4" compatible="false"/>
    <resource name="Cameo Business Modeler" version="18.3" compatible="false"/>
    <resource name="Cameo Business Modeler" version="18.5 SP2" compatible="false"/>
    <resource name="Cameo Business Modeler" version="18.5" compatible="false"/>
    <resource name="Cameo Business Modeler" version="18.4 SP1" compatible="false"/>
    <resource name="Cameo Business Modeler" version="18.5 SP1" compatible="false"/>
    <resource name="Cameo Business Modeler" version="18.0 SP6" compatible="false"/>
    <resource name="Cameo Business Modeler" version="18.4" compatible="false"/>
    <resource name="Cameo Business Modeler" version="18.5 SP3" compatible="false"/>
    <resource name="Magic Systems of Systems Architect" version="19.1 beta" compatible="false"/>
    <resource name="Cameo Business Modeler" version="18.5 SP4" compatible="false"/>
    <resource name="Magic Systems of Systems Architect" version="19.0 SP2" compatible="false"/>
    <resource name="Cameo Business Modeler" version="18.0 SP7" compatible="false"/>
    <resource name="Magic Systems of Systems Architect" version="19.0 SP3" compatible="false"/>
    <resource name="Magic Systems of Systems Architect" version="19.0 SP4" compatible="true"/>
    <resource name="Magic Systems of Systems Architect" version="20.0" compatible="false"/>
    <resource name="Magic Cyber Systems Engineer" version="19.0 SP2" compatible="false"/>
    <resource name="Magic Cyber Systems Engineer" version="19.1 beta" compatible="false"/>
    <resource name="Magic Cyber Systems Engineer" version="19.0 SP3" compatible="false"/>
    <resource name="Magic Software Architect" version="19.1 beta" compatible="false"/>
    <resource name="Magic Cyber Systems Engineer" version="20.0" compatible="false"/>
    <resource name="Magic Software Architect" version="19.0 SP2" compatible="false"/>
    <resource name="Magic Software Architect" version="19.0 SP4" compatible="true"/>
    <resource name="Cameo DataHub" version="2.5 SP1" compatible="false"/>
    <resource name="Magic Cyber Systems Engineer" version="19.0 SP4" compatible="true"/>
    <resource name="Cameo DataHub" version="2.1" compatible="false"/>
    <resource name="Magic Software Architect" version="20.0" compatible="false"/>
    <resource name="Cameo DataHub" version="3.0 SP2" compatible="false"/>
    <resource name="Magic Software Architect" version="19.0 SP3" compatible="false"/>
    <resource name="Cameo DataHub" version="2.5" compatible="false"/>
    <resource name="Cameo DataHub" version="3.0 SP1" compatible="false"/>
    <resource name="Cameo DataHub" version="4.0" compatible="false"/>
    <resource name="Cameo DataHub" version="17.0.1" compatible="false"/>
    <resource name="Cameo DataHub" version="3.0" compatible="false"/>
    <resource name="Cameo DataHub" version="17.0.2" compatible="false"/>
    <resource name="Cameo DataHub" version="2.0" compatible="false"/>
    <resource name="Cameo DataHub" version="17.0.3" compatible="false"/>
    <resource name="Cameo DataHub" version="17.0.1 SP1" compatible="false"/>
    <resource name="Cameo DataHub" version="17.0.1 SP4" compatible="false"/>
    <resource name="Cameo DataHub" version="18.0" compatible="false"/>
    <resource name="Cameo DataHub" version="17.0.2 SP1" compatible="false"/>
    <resource name="Cameo DataHub" version="17.0.2 SP2" compatible="false"/>
    <resource name="Cameo DataHub" version="4.1 SP1" compatible="false"/>
    <resource name="Cameo DataHub" version="17.0.1 SP3" compatible="false"/>
    <resource name="Cameo DataHub" version="17.0.4" compatible="false"/>
    <resource name="Cameo DataHub" version="4.0 SP1" compatible="false"/>
    <resource name="Cameo DataHub" version="17.0.1 SP2" compatible="false"/>
    <resource name="Cameo DataHub" version="4.1 SP2" compatible="false"/>
    <resource name="Cameo DataHub" version="4.1" compatible="false"/>
    <resource name="Cameo DataHub" version="17.0.5 SP1" compatible="false"/>
    <resource name="Cameo DataHub" version="17.0.3 SP1" compatible="false"/>
    <resource name="Cameo DataHub" version="17.0.5" compatible="false"/>
    <resource name="Cameo DataHub" version="4.1 SP3" compatible="false"/>
    <resource name="Web Application Platform" version="19.0 SP1" compatible="false"/>
    <resource name="Web Application Platform" version="19.0 SP2" compatible="false"/>
    <resource name="Web Application Platform" version="19.0 SP4" compatible="false"/>
    <resource name="Web Application Platform" version="19.0 SP3" compatible="false"/>
    <resource name="Web Application Platform" version="19.0" compatible="false"/>
    <resource name="Web Application Platform" version="20.0" compatible="false"/>
    <resource name="Magic Collaboration Studio" version="19.0 SP2" compatible="false"/>
    <resource name="Web Application Platform" version="19.1 beta" compatible="false"/>
    <resource name="Magic Collaboration Studio" version="19.0 SP3" compatible="false"/>
    <resource name="Cameo Collaborator for Teamwork Cloud" version="19.0 SP1" compatible="false"/>
    <resource name="Magic Collaboration Studio" version="19.1 beta" compatible="false"/>
    <resource name="Magic Collaboration Studio" version="20.0" compatible="false"/>
    <resource name="Cameo Collaborator for Alfresco" version="19.0 SP1" compatible="false"/>
    <resource name="Cameo Collaborator for Alfresco" version="19.0 SP2" compatible="false"/>
    <resource name="Cameo Collaborator for Teamwork Cloud" version="19.0 SP3" compatible="false"/>
    <resource name="Cameo Collaborator for Alfresco" version="19.0 SP3" compatible="false"/>
    <resource name="Cameo Collaborator for Teamwork Cloud" version="20.0" compatible="false"/>
    <resource name="Cameo Collaborator for Teamwork Cloud" version="19.1 beta" compatible="false"/>
    <resource name="Cameo Collaborator for Teamwork Cloud" version="19.0 SP2" compatible="false"/>
    <resource name="Plugins Bundle" version="19.0 SP3" compatible="false"/>
    <resource name="Magic Collaboration Studio" version="19.0 SP4" compatible="false"/>
    <resource name="Cameo Collaborator for Teamwork Cloud" version="19.0" compatible="false"/>
    <resource name="Cameo Collaborator for Alfresco" version="19.0 SP4" compatible="false"/>
    <resource name="Cameo Collaborator for Alfresco" version="19.0" compatible="false"/>
    <resource name="Cameo Collaborator for Teamwork Cloud" version="19.0 SP4" compatible="false"/>
    <resource name="Cameo Collaborator for Alfresco" version="19.1 beta" compatible="false"/>
    <resource name="Cameo Collaborator for Alfresco" version="20.0" compatible="false"/>
    <resource name="Plugins Bundle" version="19.0 SP4" compatible="true"/>
    <resource name="Plugins Bundle" version="20.0" compatible="false"/>
</compatibleResources>



	
	<installation>
	
		<file
			from="data/DB_engineering/DB_Profiles.xml"
			to="data/DB_engineering/DB_Profiles.xml"
		/>
		<file
			from="data/DB_engineering/Oracle_template/OracleDDLTemplate.vm"
			to="data/DB_engineering/Oracle_template/OracleDDLTemplate.vm"
		/>
		<file
			from="data/DB_engineering/drivers/mysql-connector-java-5.1.5.jar"
			to="data/DB_engineering/drivers/mysql-connector-java-5.1.5.jar"
		/>
		<file
			from="data/DB_engineering/drivers/ojdbc14.jar"
			to="data/DB_engineering/drivers/ojdbc14.jar"
		/>
		<file
			from="data/DB_engineering/drivers/pg74.215.jdbc3.jar"
			to="data/DB_engineering/drivers/pg74.215.jdbc3.jar"
		/>
		<file
			from="data/cdm_alias.properties"
			to="data/cdm_alias.properties"
		/>
		<file
			from="data/ddl.prop"
			to="data/ddl.prop"
		/>
		<file
			from="data/defaults/data/diagrams/ER Diagram/descriptor.xml"
			to="data/defaults/data/diagrams/ER Diagram/descriptor.xml"
		/>
		<file
			from="data/defaults/data/diagrams/Oracle SQL Diagram/descriptor.xml"
			to="data/defaults/data/diagrams/Oracle SQL Diagram/descriptor.xml"
		/>
		<file
			from="data/defaults/data/diagrams/SQL Diagram/descriptor.xml"
			to="data/defaults/data/diagrams/SQL Diagram/descriptor.xml"
		/>
		<file
			from="data/defaults/data/diagrams/XML Schema Diagram/descriptor.xml"
			to="data/defaults/data/diagrams/XML Schema Diagram/descriptor.xml"
		/>
		<file
			from="data/defaults/data/reports/Entity-Relationship and SQL Report/reports/Built-in.xml"
			to="data/defaults/data/reports/Entity-Relationship and SQL Report/reports/Built-in.xml"
		/>
		<file
			from="data/defaults/data/reports/Entity-Relationship and SQL Report/template.docx"
			to="data/defaults/data/reports/Entity-Relationship and SQL Report/template.docx"
		/>
		<file
			from="data/defaults/data/reports/Entity-Relationship and SQL Report/template.xml"
			to="data/defaults/data/reports/Entity-Relationship and SQL Report/template.xml"
		/>
		<file
			from="data/xmlschema.prop"
			to="data/xmlschema.prop"
		/>
		<file
			from="manual/Cameo Data Modeler Plugin UserGuide.pdf"
			to="manual/Cameo Data Modeler Plugin UserGuide.pdf"
		/>
		<file
			from="openapi/docs/CDM_javadoc.zip"
			to="openapi/docs/CDM_javadoc.zip"
		/>
		<file
			from="plugins/com.nomagic.magicdraw.dmn/cdm.jar"
			to="plugins/com.nomagic.magicdraw.dmn/cdm.jar"
		/>
		<file
			from="plugins/com.nomagic.magicdraw.dmn/cdm_api.jar"
			to="plugins/com.nomagic.magicdraw.dmn/cdm_api.jar"
		/>
		<file
			from="plugins/com.nomagic.magicdraw.dmn/lib/commons-lang-2.4.jar"
			to="plugins/com.nomagic.magicdraw.dmn/lib/commons-lang-2.4.jar"
		/>
		<file
			from="plugins/com.nomagic.magicdraw.dmn/lib/saxon9/saxon9-dom.jar"
			to="plugins/com.nomagic.magicdraw.dmn/lib/saxon9/saxon9-dom.jar"
		/>
		<file
			from="plugins/com.nomagic.magicdraw.dmn/lib/saxon9/saxon9.jar"
			to="plugins/com.nomagic.magicdraw.dmn/lib/saxon9/saxon9.jar"
		/>
		<file
			from="plugins/com.nomagic.magicdraw.dmn/lib/velocity-1.7.jar"
			to="plugins/com.nomagic.magicdraw.dmn/lib/velocity-1.7.jar"
		/>
		<file
			from="plugins/com.nomagic.magicdraw.dmn/mandatory.profiles"
			to="plugins/com.nomagic.magicdraw.dmn/mandatory.profiles"
		/>
		<file
			from="plugins/com.nomagic.magicdraw.dmn/plugin.xml"
			to="plugins/com.nomagic.magicdraw.dmn/plugin.xml"
		/>
		<file
			from="plugins/com.nomagic.magicdraw.dmn/text.jar"
			to="plugins/com.nomagic.magicdraw.dmn/text.jar"
		/>
		<file
			from="plugins/com.nomagic.magicdraw.dmn/text_ru.jar"
			to="plugins/com.nomagic.magicdraw.dmn/text_ru.jar"
		/>
		<file
			from="plugins/com.nomagic.magicdraw.dmn/xsl/import/erwin/default.xsl"
			to="plugins/com.nomagic.magicdraw.dmn/xsl/import/erwin/default.xsl"
		/>
		<file
			from="plugins/com.nomagic.magicdraw.dmn/xsl/import/erwin/diagram.xsl"
			to="plugins/com.nomagic.magicdraw.dmn/xsl/import/erwin/diagram.xsl"
		/>
		<file
			from="plugins/com.nomagic.magicdraw.dmn/xsl/import/erwin/entity.xsl"
			to="plugins/com.nomagic.magicdraw.dmn/xsl/import/erwin/entity.xsl"
		/>
		<file
			from="plugins/com.nomagic.magicdraw.dmn/xsl/import/erwin/main.xsl"
			to="plugins/com.nomagic.magicdraw.dmn/xsl/import/erwin/main.xsl"
		/>
		<file
			from="plugins/com.nomagic.magicdraw.dmn/xsl/import/erwin/model.xsl"
			to="plugins/com.nomagic.magicdraw.dmn/xsl/import/erwin/model.xsl"
		/>
		<file
			from="plugins/com.nomagic.magicdraw.dmn/xsl/import/erwin/options.xml"
			to="plugins/com.nomagic.magicdraw.dmn/xsl/import/erwin/options.xml"
		/>
		<file
			from="plugins/com.nomagic.magicdraw.dmn/xsl/import/erwin/relation.xsl"
			to="plugins/com.nomagic.magicdraw.dmn/xsl/import/erwin/relation.xsl"
		/>
		<file
			from="plugins/com.nomagic.magicdraw.dmn/xsl/import/erwin/rule.xsl"
			to="plugins/com.nomagic.magicdraw.dmn/xsl/import/erwin/rule.xsl"
		/>
		<file
			from="plugins/com.nomagic.magicdraw.dmn/xsl/import/erwin/stylemanager.xml"
			to="plugins/com.nomagic.magicdraw.dmn/xsl/import/erwin/stylemanager.xml"
		/>
		<file
			from="plugins/com.nomagic.magicdraw.dmn/xsl/import/erwin/subjectarea.xsl"
			to="plugins/com.nomagic.magicdraw.dmn/xsl/import/erwin/subjectarea.xsl"
		/>
		<file
			from="plugins/com.nomagic.magicdraw.dmn/xsl/import/erwin/udp.xsl"
			to="plugins/com.nomagic.magicdraw.dmn/xsl/import/erwin/udp.xsl"
		/>
		<file
			from="profiles/Cloudscape_Profile.mdzip"
			to="profiles/Cloudscape_Profile.mdzip"
		/>
		<file
			from="profiles/DB2_Profile.mdzip"
			to="profiles/DB2_Profile.mdzip"
		/>
		<file
			from="profiles/ER_profile.mdzip"
			to="profiles/ER_profile.mdzip"
		/>
		<file
			from="profiles/GenericDDL_To_SQL_Migration_Rules.mdzip"
			to="profiles/GenericDDL_To_SQL_Migration_Rules.mdzip"
		/>
		<file
			from="profiles/IMM Relational Constraints.mdzip"
			to="profiles/IMM Relational Constraints.mdzip"
		/>
		<file
			from="profiles/IMM Relational Customization.mdzip"
			to="profiles/IMM Relational Customization.mdzip"
		/>
		<file
			from="profiles/IMM Relational Profile.mdzip"
			to="profiles/IMM Relational Profile.mdzip"
		/>
		<file
			from="profiles/Microsoft_Access_Profile.mdzip"
			to="profiles/Microsoft_Access_Profile.mdzip"
		/>
		<file
			from="profiles/Microsoft_TSQL_Profile.mdzip"
			to="profiles/Microsoft_TSQL_Profile.mdzip"
		/>
		<file
			from="profiles/MySQL_Profile.mdzip"
			to="profiles/MySQL_Profile.mdzip"
		/>
		<file
			from="profiles/OracleDDL_To_SQL_Migration_Rules.mdzip"
			to="profiles/OracleDDL_To_SQL_Migration_Rules.mdzip"
		/>
		<file
			from="profiles/Oracle_Profile.mdzip"
			to="profiles/Oracle_Profile.mdzip"
		/>
		<file
			from="profiles/Oracle_SQL_to_UML_Type_Map.mdzip"
			to="profiles/Oracle_SQL_to_UML_Type_Map.mdzip"
		/>
		<file
			from="profiles/Pervasive_Profile.mdzip"
			to="profiles/Pervasive_Profile.mdzip"
		/>
		<file
			from="profiles/PointBase_Profile.mdzip"
			to="profiles/PointBase_Profile.mdzip"
		/>
		<file
			from="profiles/PostgreSQL_Profile.mdzip"
			to="profiles/PostgreSQL_Profile.mdzip"
		/>
		<file
			from="profiles/SQL_Standard_Types.mdzip"
			to="profiles/SQL_Standard_Types.mdzip"
		/>
		<file
			from="profiles/SQL_to_UML_Type_Map.mdzip"
			to="profiles/SQL_to_UML_Type_Map.mdzip"
		/>
		<file
			from="profiles/Sybase_Profile.mdzip"
			to="profiles/Sybase_Profile.mdzip"
		/>
		<file
			from="profiles/UML_to_Oracle_SQL_Type_Map.mdzip"
			to="profiles/UML_to_Oracle_SQL_Type_Map.mdzip"
		/>
		<file
			from="profiles/UML_to_SQL_Type_Map.mdzip"
			to="profiles/UML_to_SQL_Type_Map.mdzip"
		/>
		<file
			from="samples/Data Modeling/Entity-Relationship Modeling.mdzip"
			to="samples/Data Modeling/Entity-Relationship Modeling.mdzip"
		/>
		<file
			from="samples/Data Modeling/SQL Modeling.mdzip"
			to="samples/Data Modeling/SQL Modeling.mdzip"
		/>
		<file
			from="samples/Data Modeling/XML Schema diagram.mdzip"
			to="samples/Data Modeling/XML Schema diagram.mdzip"
		/>
		<file
			from="templates/Data Modeling/ERD.html"
			to="templates/Data Modeling/ERD.html"
		/>
		<file
			from="templates/Data Modeling/ERD.mdzip"
			to="templates/Data Modeling/ERD.mdzip"
		/>
		<file
			from="templates/Data Modeling/Oracle SQL Database Project.html"
			to="templates/Data Modeling/Oracle SQL Database Project.html"
		/>
		<file
			from="templates/Data Modeling/Oracle SQL Database Project.mdzip"
			to="templates/Data Modeling/Oracle SQL Database Project.mdzip"
		/>
		<file
			from="templates/Data Modeling/SQL Database Project.html"
			to="templates/Data Modeling/SQL Database Project.html"
		/>
		<file
			from="templates/Data Modeling/SQL Database Project.mdzip"
			to="templates/Data Modeling/SQL Database Project.mdzip"
		/>
		<file
			from="templates/Data Modeling/XML Schema.html"
			to="templates/Data Modeling/XML Schema.html"
		/>
		<file
			from="templates/Data Modeling/XML Schema.mdzip"
			to="templates/Data Modeling/XML Schema.mdzip"
		/>
		<file
			from="templates/Data Modeling/description.html"
			to="templates/Data Modeling/description.html"
		/>

		
	</installation>
	
	
</resourceDescriptor>

