<?xml version="1.0" encoding="UTF-8" standalone="yes"?>
<diagram abbreviation="Oracle SQL" baseType="Class Diagram" category="Data Modeling" type="Oracle SQL Diagram" version="8">
    <requiredPlugin>com.nomagic.magicdraw.dmn#Cameo Data Modeler;IMM Relational Customization.mdzip;UML_Standard_Profile.mdzip;Oracle_Profile.mdzip</requiredPlugin>
    <toolbarConfiguration>
        <baseCategory expandedByDefault="false" id="COMMON_ELEMENTS_STATIC" parentCategoryID="COMMON_ELEMENTS_STATIC"/>
        <category expandedByDefault="true" id="action_category_1284035063857_330934_9" name="Tables">
            <icon filename="mdp://resource/com/nomagic/magicdraw/dmn/icons/diagrams/oraclesql/oraclesqldiagram.gif" size="16" type="small"/>
            <icon filename="mdp://resource/com/nomagic/magicdraw/dmn/icons/diagrams/oraclesql/oraclesqldiagram.svg" size="16" type="large"/>
            <actions>
                <custom description="Table" id="IDaction_1284035218351_829903_0" listAsElement="false" opposite="false" type="com.nomagic.uml2.ext.magicdraw.classes.mdkernel.Class">
                    <stereotype id="_12_5_f720368_1181138207223_445707_4586"/>
                    <stereotype id="133cb990-92a5-11df-8165-f9669418bf0e"/>
                </custom>
                <group>
                    <custom description="View" id="IDaction_1284035242771_600775_0" listAsElement="false" opposite="false" type="com.nomagic.uml2.ext.magicdraw.classes.mdkernel.Class">
                        <stereotype id="_12_5_f720368_1181138207239_382565_4920"/>
                        <stereotype id="13560da9-92a5-11df-8165-f9669418bf0e"/>
                    </custom>
                    <custom description="Materialized View" id="IDaction_1295433465397_599661_0" listAsElement="false" opposite="false" type="com.nomagic.uml2.ext.magicdraw.classes.mdkernel.Class">
                        <stereotype id="_12_5_f720368_1181138207239_382565_4920"/>
                        <stereotype id="13443336-92a5-11df-8165-f9669418bf0e"/>
                    </custom>
                </group>
                <standard action="ADD_DIRECTED_ASSOCIATION" description="Foreign Key"/>
                <custom description="Scope" id="IDaction_1295444294919_111161_0" listAsElement="false" opposite="false" type="com.nomagic.uml2.ext.magicdraw.classes.mddependencies.Dependency">
                    <stereotype id="131d9892-92a5-11df-8165-f9669418bf0e"/>
                </custom>
                <group>
                    <standard action="ADD_GENERALIZATION" shortcut="pressed G "/>
                    <standard action="ADD_GENERALIZATION_OPPOSITE" shortcut="shift pressed Z "/>
                </group>
                <standard action="ADD_ABSTRACTION" shortcut="pressed T "/>
                <group>
                    <custom description="Temporary Table (global)" id="IDaction_1284035263606_747365_0" listAsElement="false" opposite="false" type="com.nomagic.uml2.ext.magicdraw.classes.mdkernel.Class">
                        <stereotype id="_12_5_f720368_1181138207239_230568_4945"/>
                        <defaults>
                            <PropertyVisitorAcceptor xmlns:xmi="http://www.omg.org/spec/XMI/20131001">
                                <mdElement elementClass="PropertyManager">
                                    <mdElement elementClass="BooleanProperty">
                                        <propertyID>local</propertyID>
                                        <propertyGroup>_12_5_f720368_1181138207239_230568_4945</propertyGroup>
                                    </mdElement>
                                </mdElement>
                            </PropertyVisitorAcceptor>
                        </defaults>
                    </custom>
                    <custom description="Temporary Table (local)" id="IDaction_1284035312659_151874_0" listAsElement="false" opposite="false" type="com.nomagic.uml2.ext.magicdraw.classes.mdkernel.Class">
                        <stereotype id="_12_5_f720368_1181138207239_230568_4945"/>
                        <defaults>
                            <PropertyVisitorAcceptor xmlns:xmi="http://www.omg.org/spec/XMI/20131001">
                                <mdElement elementClass="PropertyManager">
                                    <mdElement elementClass="BooleanProperty">
                                        <propertyID>local</propertyID>
                                        <propertyGroup>_12_5_f720368_1181138207239_230568_4945</propertyGroup>
                                        <value xmi:value="true"/>
                                    </mdElement>
                                </mdElement>
                            </PropertyVisitorAcceptor>
                        </defaults>
                    </custom>
                </group>
                <custom description="Routine Result Table" id="IDaction_1284035344357_876656_0" listAsElement="false" opposite="false" type="com.nomagic.uml2.ext.magicdraw.classes.mdkernel.Class">
                    <stereotype id="_12_5_f720368_1181138207223_652492_4267"/>
                </custom>
            </actions>
        </category>
        <category expandedByDefault="true" id="action_category_1284035057316_232715_8" name="Schema">
            <icon filename="mdp://resource/com/nomagic/magicdraw/dmn/icons/diagrams/oraclesql/oraclesqldiagram.gif" size="16" type="small"/>
            <icon filename="mdp://resource/com/nomagic/magicdraw/dmn/icons/diagrams/oraclesql/oraclesqldiagram.svg" size="16" type="large"/>
            <actions>
                <custom description="Schema" id="IDaction_1284035389336_199170_0" listAsElement="false" opposite="false" type="com.nomagic.uml2.ext.magicdraw.classes.mdkernel.Package">
                    <stereotype id="_12_5_f720368_1181138207379_194506_5080"/>
                </custom>
                <custom description="Database" id="IDaction_1284035406084_482278_0" listAsElement="false" opposite="false" type="com.nomagic.uml2.ext.magicdraw.classes.mdkernel.Package">
                    <stereotype id="_12_5_f720368_1181138207239_920607_5068"/>
                    <stereotype id="1325d689-92a5-11df-8165-f9669418bf0e"/>
                </custom>
                <custom description="Catalog" id="IDaction_1284035421047_838911_0" listAsElement="false" opposite="false" type="com.nomagic.uml2.ext.magicdraw.classes.mdkernel.Package">
                    <stereotype id="_12_5_f720368_1181138207223_994816_4799"/>
                    <stereotype id="132cdae9-92a5-11df-8165-f9669418bf0e"/>
                </custom>
                <custom description="Globals" id="IDaction_1284035434121_84386_0" listAsElement="false" opposite="false" type="com.nomagic.uml2.ext.magicdraw.classes.mdkernel.Class">
                    <stereotype id="_12_5_1_f720368_1187030176823_101704_7256"/>
                </custom>
            </actions>
        </category>
        <category expandedByDefault="false" id="action_category_1284035078613_119685_10" name="User Data Types">
            <icon filename="mdp://resource/com/nomagic/magicdraw/dmn/icons/diagrams/oraclesql/oraclesqldiagram.gif" size="16" type="small"/>
            <icon filename="mdp://resource/com/nomagic/magicdraw/dmn/icons/diagrams/oraclesql/oraclesqldiagram.svg" size="16" type="large"/>
            <actions>
                <custom description="Distinct User Defined Type" id="IDaction_1284035453169_550328_0" listAsElement="false" opposite="false" type="com.nomagic.uml2.ext.magicdraw.classes.mdkernel.DataType">
                    <stereotype id="_12_5_f720368_1181138207239_859199_4947"/>
                </custom>
                <custom description="Domain" id="IDaction_1284035467211_811_0" listAsElement="false" opposite="false" type="com.nomagic.uml2.ext.magicdraw.classes.mdkernel.DataType">
                    <stereotype id="_12_5_f720368_1181138207223_654121_4477"/>
                </custom>
                <custom description="Structured User Defined Type" id="IDaction_1284035517407_624119_0" listAsElement="false" opposite="false" type="com.nomagic.uml2.ext.magicdraw.classes.mdkernel.DataType">
                    <stereotype id="_12_5_f720368_1181138207223_972655_4817"/>
                    <stereotype id="1354fc2b-92a5-11df-8165-f9669418bf0e"/>
                </custom>
                <group>
                    <standard action="ADD_GENERALIZATION" shortcut="pressed G "/>
                    <standard action="ADD_GENERALIZATION_OPPOSITE" shortcut="shift pressed Z "/>
                </group>
                <custom description="Multiset Data Type" id="IDaction_1284035477810_959091_0" listAsElement="false" opposite="false" type="com.nomagic.uml2.ext.magicdraw.classes.mdkernel.DataType">
                    <stereotype id="_12_5_f720368_1181138207239_190903_4965"/>
                </custom>
                <custom description="Array Data Type" id="IDaction_1284035491666_442496_0" listAsElement="false" opposite="false" type="com.nomagic.uml2.ext.magicdraw.classes.mdkernel.DataType">
                    <stereotype id="_12_5_f720368_1181138207223_950251_4702"/>
                    <stereotype id="132c178e-92a5-11df-8165-f9669418bf0e"/>
                </custom>
                <custom description="Reference Data Type" id="IDaction_1284035504562_843648_0" listAsElement="false" opposite="false" type="com.nomagic.uml2.ext.magicdraw.classes.mdkernel.DataType">
                    <stereotype id="_12_5_f720368_1181138207754_604321_5151"/>
                </custom>
                <custom description="Row Data Type" id="IDaction_1284035572445_513963_0" listAsElement="false" opposite="false" type="com.nomagic.uml2.ext.magicdraw.classes.mdkernel.DataType">
                    <stereotype id="_12_5_f720368_1181138207223_51829_4853"/>
                </custom>
                <custom description="Character Set" id="IDaction_1294768296315_891152_0" listAsElement="false" opposite="false" type="com.nomagic.uml2.ext.magicdraw.classes.mdkernel.Enumeration">
                    <stereotype id="_12_5_f720368_1181138207223_87641_4757"/>
                </custom>
            </actions>
        </category>
        <category expandedByDefault="false" id="action_category_1302713653873_239778_0" name="Primitive Types">
            <icon filename="mdp://resource/com/nomagic/magicdraw/dmn/icons/diagrams/oraclesql/oraclesqldiagram.gif" size="16" type="small"/>
            <icon filename="mdp://resource/com/nomagic/magicdraw/dmn/icons/diagrams/oraclesql/oraclesqldiagram.svg" size="16" type="large"/>
            <actions>
                <custom description="Character Type" id="IDaction_1302713856804_5556_0" listAsElement="false" opposite="false" type="com.nomagic.uml2.ext.magicdraw.classes.mdkernel.PrimitiveType">
                    <stereotype id="_12_5_f720368_1181138207239_613145_5052"/>
                </custom>
                <custom description="Integer Type" id="IDaction_1302713898762_251821_0" listAsElement="false" opposite="false" type="com.nomagic.uml2.ext.magicdraw.classes.mdkernel.PrimitiveType">
                    <stereotype id="_12_5_f720368_1181138207754_353057_5319"/>
                </custom>
                <custom description="Fixed Precision Type" id="IDaction_1302713922427_800884_0" listAsElement="false" opposite="false" type="com.nomagic.uml2.ext.magicdraw.classes.mdkernel.PrimitiveType">
                    <stereotype id="_12_5_f720368_1181138207754_20785_5242"/>
                </custom>
                <custom description="Approximate Type" id="IDaction_1302713945682_148946_0" listAsElement="false" opposite="false" type="com.nomagic.uml2.ext.magicdraw.classes.mdkernel.PrimitiveType">
                    <stereotype id="_12_5_f720368_1181138207239_556717_4926"/>
                </custom>
                <custom description="Boolean Type" id="IDaction_1302713975151_108742_0" listAsElement="false" opposite="false" type="com.nomagic.uml2.ext.magicdraw.classes.mdkernel.PrimitiveType">
                    <stereotype id="_12_5_f720368_1181138207770_770297_5420"/>
                </custom>
                <custom description="Binary Type" id="IDaction_1302713992994_966828_0" listAsElement="false" opposite="false" type="com.nomagic.uml2.ext.magicdraw.classes.mdkernel.PrimitiveType">
                    <stereotype id="_12_5_f720368_1181138207223_177833_4522"/>
                </custom>
                <group>
                    <custom description="Date Type" id="IDaction_1302714014958_732224_0" listAsElement="false" opposite="false" type="com.nomagic.uml2.ext.magicdraw.classes.mdkernel.PrimitiveType">
                        <stereotype id="_12_5_f720368_1181138207223_902726_4436"/>
                    </custom>
                    <custom description="Time Type" id="IDaction_1302714033385_623720_0" listAsElement="false" opposite="false" type="com.nomagic.uml2.ext.magicdraw.classes.mdkernel.PrimitiveType">
                        <stereotype id="_12_5_f720368_1181138207239_519045_5055"/>
                    </custom>
                    <custom description="Time Interval Type" id="IDaction_1302714052120_343187_0" listAsElement="false" opposite="false" type="com.nomagic.uml2.ext.magicdraw.classes.mdkernel.PrimitiveType">
                        <stereotype id="_12_5_f720368_1181138207223_864950_4441"/>
                    </custom>
                </group>
                <custom description="XML Type" id="IDaction_1302714084968_75950_0" listAsElement="false" opposite="false" type="com.nomagic.uml2.ext.magicdraw.classes.mdkernel.PrimitiveType">
                    <stereotype id="_12_5_f720368_1181138207707_77083_5114"/>
                </custom>
            </actions>
        </category>
        <category expandedByDefault="true" id="action_category_1284035090503_136256_11" name="Access Control">
            <icon filename="mdp://resource/com/nomagic/magicdraw/dmn/icons/diagrams/oraclesql/oraclesqldiagram.gif" size="16" type="small"/>
            <icon filename="mdp://resource/com/nomagic/magicdraw/dmn/icons/diagrams/oraclesql/oraclesqldiagram.svg" size="16" type="large"/>
            <actions>
                <custom description="User" id="IDaction_1284035710902_594266_0" listAsElement="false" opposite="false" type="com.nomagic.uml2.ext.magicdraw.mdusecases.Actor">
                    <stereotype id="_12_5_f720368_1181138207223_745679_4769"/>
                    <stereotype id="13238c6a-92a5-11df-8165-f9669418bf0e"/>
                </custom>
                <custom description="Role" id="IDaction_1284035720488_77476_0" listAsElement="false" opposite="false" type="com.nomagic.uml2.ext.magicdraw.mdusecases.Actor">
                    <stereotype id="_12_5_f720368_1181138207239_830062_5065"/>
                    <stereotype id="1349b1dc-92a5-11df-8165-f9669418bf0e"/>
                </custom>
                <custom description="Group" id="IDaction_1284035741487_94770_0" listAsElement="false" opposite="false" type="com.nomagic.uml2.ext.magicdraw.mdusecases.Actor">
                    <stereotype id="_12_5_f720368_1181138207239_995459_5029"/>
                </custom>
                <custom description="Privilege" id="IDaction_1284035756810_295393_0" listAsElement="false" opposite="false" type="com.nomagic.uml2.ext.magicdraw.classes.mddependencies.Dependency">
                    <stereotype id="_12_5_f720368_1181138207239_669713_5015"/>
                    <stereotype id="13504201-92a5-11df-8165-f9669418bf0e"/>
                </custom>
                <custom description="Role Authorization" id="IDaction_1284035830135_958367_0" listAsElement="false" opposite="false" type="com.nomagic.uml2.ext.magicdraw.classes.mddependencies.Dependency">
                    <stereotype id="_12_5_f720368_1181138207223_524536_4526"/>
                    <stereotype id="134ff3df-92a5-11df-8165-f9669418bf0e"/>
                </custom>
            </actions>
        </category>
    </toolbarConfiguration>
    <icon filename="mdp://resource/com/nomagic/magicdraw/dmn/icons/diagrams/oraclesql/oraclesqldiagram.gif" size="16" type="small"/>
    <icon filename="mdp://resource/com/nomagic/magicdraw/dmn/icons/diagrams/oraclesql/oraclesqldiagram.svg" size="-1" type="diagraming"/>
    <module location="/Users/admin/182/E:\MD17.0.1rc1\profiles\IMM Relational Customization.mdzip" name="IMM Relational Customization.mdzip">
        <root id="_16_9_f720368_1284363401594_347591_2101"/>
    </module>
    <module location="/Users/admin/182/E:\MD17.0.1rc1\profiles\UML_Standard_Profile.mdzip" name="UML_Standard_Profile.mdzip">
        <root id="magicdraw_uml_standard_profile_v_0001"/>
    </module>
    <module location="/Users/admin/182/E:\MD17.0.1rc1\profiles\Oracle_Profile.mdzip" name="Oracle_Profile.mdzip">
        <root id="_17_0_f720368_1295331667705_562620_1718"/>
        <root id="13135fb9-92a5-11df-8165-f9669418bf0e"/>
        <root id="1312ea88-92a5-11df-8165-f9669418bf0e"/>
    </module>
    <manipulators>
        <stereotype id="_12_5_f720368_1181138207239_556717_4926" name="Approximate Numeric Data Type"/>
        <path action="ADD_DEPENDENCY"/>
        <path action="ADD_NOTE_ANCHOR">
            <target>ADD_NOTE</target>
            <target>ADD_HTML_NOTE</target>
            <target>ADD_COMMENT</target>
            <target>ADD_HTML_COMMENT</target>
        </path>
    </manipulators>
    <manipulators>
        <stereotype id="_12_5_f720368_1181138207223_51829_4853" name="Row Data Type"/>
        <path action="ADD_DEPENDENCY"/>
        <path action="ADD_NOTE_ANCHOR">
            <target>ADD_NOTE</target>
            <target>ADD_HTML_NOTE</target>
            <target>ADD_COMMENT</target>
            <target>ADD_HTML_COMMENT</target>
        </path>
    </manipulators>
    <manipulators>
        <stereotype id="_12_5_f720368_1181138207223_745679_4769" name="User"/>
        <path action="IDaction_1284035756810_295393_0"/>
        <path action="IDaction_1284035830135_958367_0">
            <target>IDaction_1284035720488_77476_0</target>
        </path>
        <path action="MENU_SEPARATOR"/>
        <path action="ADD_DEPENDENCY"/>
        <path action="ADD_NOTE_ANCHOR">
            <target>ADD_NOTE</target>
            <target>ADD_HTML_NOTE</target>
            <target>ADD_COMMENT</target>
            <target>ADD_HTML_COMMENT</target>
        </path>
    </manipulators>
    <manipulators>
        <stereotype id="_12_5_f720368_1181138207707_77083_5114" name="XML Data Type"/>
        <path action="ADD_DEPENDENCY"/>
        <path action="ADD_NOTE_ANCHOR">
            <target>ADD_NOTE</target>
            <target>ADD_HTML_NOTE</target>
            <target>ADD_COMMENT</target>
            <target>ADD_HTML_COMMENT</target>
        </path>
    </manipulators>
    <manipulators>
        <stereotype id="_12_5_f720368_1181138207239_230568_4945" name="Temporary Table"/>
        <path action="ADD_DIRECTED_ASSOCIATION">
            <target>IDaction_1284035218351_829903_0</target>
            <target>IDaction_1284035263606_747365_0</target>
            <target>IDaction_1284035312659_151874_0</target>
        </path>
        <path action="MENU_SEPARATOR"/>
        <path action="ADD_DEPENDENCY"/>
        <path action="ADD_NOTE_ANCHOR">
            <target>ADD_NOTE</target>
            <target>ADD_HTML_NOTE</target>
            <target>ADD_COMMENT</target>
            <target>ADD_HTML_COMMENT</target>
        </path>
    </manipulators>
    <manipulators>
        <stereotype id="_12_5_f720368_1181138207770_770297_5420" name="Boolean Data Type"/>
        <path action="ADD_DEPENDENCY"/>
        <path action="ADD_NOTE_ANCHOR">
            <target>ADD_NOTE</target>
            <target>ADD_HTML_NOTE</target>
            <target>ADD_COMMENT</target>
            <target>ADD_HTML_COMMENT</target>
        </path>
    </manipulators>
    <manipulators>
        <stereotype id="_12_5_f720368_1181138207223_950251_4702" name="Array Data Type"/>
        <path action="ADD_DEPENDENCY"/>
        <path action="ADD_NOTE_ANCHOR">
            <target>ADD_NOTE</target>
            <target>ADD_HTML_NOTE</target>
            <target>ADD_COMMENT</target>
            <target>ADD_HTML_COMMENT</target>
        </path>
    </manipulators>
    <manipulators>
        <stereotype id="_12_5_f720368_1181138207239_995459_5029" name="Group"/>
        <path action="IDaction_1284035756810_295393_0"/>
        <path action="IDaction_1284035830135_958367_0">
            <target>IDaction_1284035720488_77476_0</target>
        </path>
        <path action="MENU_SEPARATOR"/>
        <path action="ADD_DEPENDENCY"/>
        <path action="ADD_NOTE_ANCHOR">
            <target>ADD_NOTE</target>
            <target>ADD_HTML_NOTE</target>
            <target>ADD_COMMENT</target>
            <target>ADD_HTML_COMMENT</target>
        </path>
    </manipulators>
    <manipulators>
        <stereotype id="_12_5_f720368_1181138207223_652492_4267" name="Routine Result Table"/>
        <path action="ADD_DIRECTED_ASSOCIATION"/>
        <path action="MENU_SEPARATOR"/>
        <path action="ADD_DEPENDENCY"/>
        <path action="ADD_NOTE_ANCHOR">
            <target>ADD_NOTE</target>
            <target>ADD_HTML_NOTE</target>
            <target>ADD_COMMENT</target>
            <target>ADD_HTML_COMMENT</target>
        </path>
    </manipulators>
    <manipulators>
        <stereotype id="_12_5_f720368_1181138207239_613145_5052" name="Character String Data Type"/>
        <path action="ADD_DEPENDENCY"/>
        <path action="ADD_NOTE_ANCHOR">
            <target>ADD_NOTE</target>
            <target>ADD_HTML_NOTE</target>
            <target>ADD_COMMENT</target>
            <target>ADD_HTML_COMMENT</target>
        </path>
    </manipulators>
    <manipulators>
        <stereotype id="_12_5_f720368_1181138207223_445707_4586" name="Persistent Table"/>
        <path action="ADD_DIRECTED_ASSOCIATION">
            <target>IDaction_1284035218351_829903_0</target>
            <target>IDaction_1284035242771_600775_0</target>
        </path>
        <path action="ADD_GENERALIZATION">
            <target>IDaction_1284035218351_829903_0</target>
            <target>IDaction_1284035242771_600775_0</target>
        </path>
        <path action="ADD_GENERALIZATION_OPPOSITE">
            <target>IDaction_1284035218351_829903_0</target>
            <target>IDaction_1284035242771_600775_0</target>
        </path>
        <path action="ADD_ABSTRACTION">
            <target>IDaction_1284035242771_600775_0</target>
        </path>
        <path action="MENU_SEPARATOR"/>
        <path action="ADD_DEPENDENCY"/>
        <path action="ADD_NOTE_ANCHOR">
            <target>ADD_NOTE</target>
            <target>ADD_HTML_NOTE</target>
            <target>ADD_COMMENT</target>
            <target>ADD_HTML_COMMENT</target>
        </path>
    </manipulators>
    <manipulators>
        <stereotype id="_12_5_f720368_1181138207223_177833_4522" name="Binary String Data Type"/>
        <path action="ADD_DEPENDENCY"/>
        <path action="ADD_NOTE_ANCHOR">
            <target>ADD_NOTE</target>
            <target>ADD_HTML_NOTE</target>
            <target>ADD_COMMENT</target>
            <target>ADD_HTML_COMMENT</target>
        </path>
    </manipulators>
    <manipulators>
        <stereotype id="_12_5_f720368_1181138207754_353057_5319" name="Integer Data Type"/>
        <path action="ADD_DEPENDENCY"/>
        <path action="ADD_NOTE_ANCHOR">
            <target>ADD_NOTE</target>
            <target>ADD_HTML_NOTE</target>
            <target>ADD_COMMENT</target>
            <target>ADD_HTML_COMMENT</target>
        </path>
    </manipulators>
    <manipulators>
        <stereotype id="_12_5_f720368_1181138207239_830062_5065" name="Role"/>
        <path action="IDaction_1284035756810_295393_0"/>
        <path action="IDaction_1284035830135_958367_0">
            <target>IDaction_1284035720488_77476_0</target>
        </path>
        <path action="MENU_SEPARATOR"/>
        <path action="ADD_DEPENDENCY"/>
        <path action="ADD_NOTE_ANCHOR">
            <target>ADD_NOTE</target>
            <target>ADD_HTML_NOTE</target>
            <target>ADD_COMMENT</target>
            <target>ADD_HTML_COMMENT</target>
        </path>
    </manipulators>
    <manipulators>
        <stereotype id="_12_5_f720368_1181138207239_382565_4920" name="View"/>
        <path action="ADD_DIRECTED_ASSOCIATION"/>
        <path action="MENU_SEPARATOR"/>
        <path action="ADD_DEPENDENCY"/>
        <path action="ADD_NOTE_ANCHOR"/>
    </manipulators>
    <manipulators>
        <stereotype id="_12_5_f720368_1181138207239_190903_4965" name="Multiset Data Type"/>
        <path action="ADD_DEPENDENCY"/>
        <path action="ADD_NOTE_ANCHOR">
            <target>ADD_NOTE</target>
            <target>ADD_HTML_NOTE</target>
            <target>ADD_COMMENT</target>
            <target>ADD_HTML_COMMENT</target>
        </path>
    </manipulators>
    <manipulators>
        <stereotype id="_12_5_f720368_1181138207754_20785_5242" name="Fixed Precision Data Type"/>
        <path action="ADD_DEPENDENCY"/>
        <path action="ADD_NOTE_ANCHOR">
            <target>ADD_NOTE</target>
            <target>ADD_HTML_NOTE</target>
            <target>ADD_COMMENT</target>
            <target>ADD_HTML_COMMENT</target>
        </path>
    </manipulators>
    <manipulators>
        <stereotype id="_12_5_f720368_1181138207223_864950_4441" name="Interval Data Type"/>
        <path action="ADD_DEPENDENCY"/>
        <path action="ADD_NOTE_ANCHOR">
            <target>ADD_NOTE</target>
            <target>ADD_HTML_NOTE</target>
            <target>ADD_COMMENT</target>
            <target>ADD_HTML_COMMENT</target>
        </path>
    </manipulators>
    <manipulators>
        <stereotype id="_12_5_f720368_1181138207223_654121_4477" name="Domain"/>
        <path action="ADD_DEPENDENCY"/>
        <path action="ADD_NOTE_ANCHOR">
            <target>ADD_NOTE</target>
            <target>ADD_HTML_NOTE</target>
            <target>ADD_COMMENT</target>
            <target>ADD_HTML_COMMENT</target>
        </path>
    </manipulators>
    <manipulators>
        <stereotype id="_12_5_f720368_1181138207239_519045_5055" name="Time Data Type"/>
        <path action="ADD_DEPENDENCY"/>
        <path action="ADD_NOTE_ANCHOR">
            <target>ADD_NOTE</target>
            <target>ADD_HTML_NOTE</target>
            <target>ADD_COMMENT</target>
            <target>ADD_HTML_COMMENT</target>
        </path>
    </manipulators>
    <manipulators>
        <stereotype id="_12_5_f720368_1181138207239_859199_4947" name="Distinct User Defined Type"/>
        <path action="ADD_DEPENDENCY"/>
        <path action="ADD_NOTE_ANCHOR">
            <target>ADD_NOTE</target>
            <target>ADD_HTML_NOTE</target>
            <target>ADD_COMMENT</target>
            <target>ADD_HTML_COMMENT</target>
        </path>
    </manipulators>
    <manipulators>
        <stereotype id="_12_5_f720368_1181138207223_902726_4436" name="Date Data Type"/>
        <path action="ADD_DEPENDENCY"/>
        <path action="ADD_NOTE_ANCHOR">
            <target>ADD_NOTE</target>
            <target>ADD_HTML_NOTE</target>
            <target>ADD_COMMENT</target>
            <target>ADD_HTML_COMMENT</target>
        </path>
    </manipulators>
    <manipulators>
        <stereotype id="_12_5_f720368_1181138207223_972655_4817" name="Structured User Defined Type"/>
        <path action="ADD_GENERALIZATION">
            <target>IDaction_1284035517407_624119_0</target>
        </path>
        <path action="ADD_GENERALIZATION_OPPOSITE">
            <target>IDaction_1284035517407_624119_0</target>
        </path>
        <path action="MENU_SEPARATOR"/>
        <path action="ADD_DEPENDENCY"/>
        <path action="ADD_NOTE_ANCHOR">
            <target>ADD_NOTE</target>
            <target>ADD_HTML_NOTE</target>
            <target>ADD_COMMENT</target>
            <target>ADD_HTML_COMMENT</target>
        </path>
    </manipulators>
    <manipulators>
        <stereotype id="_12_5_f720368_1181138207223_87641_4757" name="Character Set"/>
        <path action="ADD_DEPENDENCY"/>
        <path action="ADD_NOTE_ANCHOR">
            <target>ADD_NOTE</target>
            <target>ADD_HTML_NOTE</target>
            <target>ADD_COMMENT</target>
            <target>ADD_HTML_COMMENT</target>
        </path>
    </manipulators>
</diagram>

