<?xml version='1.0' encoding='UTF-8'?>

<PropertyVisitorAcceptor>
	<mdElement elementClass='SimpleStyle'>
		<name>DB profiles</name>
		<default xmi.value='false'/>
		<mdElement elementClass='PropertyManager'>
			<name>MySQL - sample</name>
			<propertyManagerID>_91a0295_1075809646250_116578_0</propertyManagerID>
			<mdElement elementClass='StringProperty'>
				<propertyID>DB_CATALOG</propertyID>
				<multiline xmi.value='false'/>
			</mdElement>
			<mdElement elementClass='PasswordProperty'>
				<propertyID>DB_PASSWORD</propertyID>
			</mdElement>
			<mdElement elementClass='StringProperty'>
				<propertyID>DB_SCHEMA</propertyID>
				<multiline xmi.value='false'/>
			</mdElement>
			<mdElement elementClass='StringProperty'>
				<propertyID>DB_URL</propertyID>
				<value>jdbc:mysql://&lt;host&gt;/&lt;db&gt;</value>
				<multiline xmi.value='false'/>
			</mdElement>
			<mdElement elementClass='StringProperty'>
				<propertyID>DB_USER</propertyID>
				<multiline xmi.value='false'/>
			</mdElement>
			<mdElement elementClass='JarContentProperty'>
				<propertyID>DRIVER_CLASS</propertyID>
				<value>com.mysql.jdbc.Driver</value>
				<multiline xmi.value='false'/>
			</mdElement>
			<mdElement elementClass='ClassPathListProperty'>
				<propertyID>DRIVER_FILES</propertyID>
				<mdElement elementClass='FileProperty'>
					<value>&lt;install.root&gt;data\DB_engineering\drivers\mysql-connector-java-3.0.14-production-bin.jar</value>
					<selectionMode xmi.value='2'/>
				</mdElement>
				<value xmi.value='true'/>
			</mdElement>
			<mdElement elementClass='BooleanProperty'>
				<propertyID>RETRIEVE_FOREIGN_KEYS</propertyID>
				<value xmi.value='true'/>
			</mdElement>
			<mdElement elementClass='BooleanProperty'>
				<propertyID>DEBUG_DRIVER</propertyID>
				<value xmi.value='false'/>
			</mdElement>
			<mdElement elementClass='BooleanProperty'>
				<propertyID>RELOAD_DRIVER</propertyID>
				<value xmi.value='true'/>
			</mdElement>
			<mdElement elementClass='LIST_PROPERTY'>
				<propertyID>DRIVER_PROPERTIES</propertyID>
			</mdElement>
			<mdElement elementClass='BooleanProperty'>
				<propertyID>RETRIEVE_INDICES</propertyID>
				<value xmi.value='true'/>
			</mdElement>
		</mdElement>
		<mdElement elementClass='PropertyManager'>
			<name>Oracle - sample</name>
			<propertyManagerID>_91a0295_1075809646250_77253_1</propertyManagerID>
			<mdElement elementClass='StringProperty'>
				<propertyID>DB_CATALOG</propertyID>
				<multiline xmi.value='false'/>
			</mdElement>
			<mdElement elementClass='PasswordProperty'>
				<propertyID>DB_PASSWORD</propertyID>
				<value>aa f9 d5 93 </value>
			</mdElement>
			<mdElement elementClass='StringProperty'>
				<propertyID>DB_SCHEMA</propertyID>
				<value>DAMS</value>
				<multiline xmi.value='false'/>
			</mdElement>
			<mdElement elementClass='StringProperty'>
				<propertyID>DB_URL</propertyID>
				<value>jdbc:oracle:thin:@suo:1521:orcl</value>
				<multiline xmi.value='false'/>
			</mdElement>
			<mdElement elementClass='StringProperty'>
				<propertyID>DB_USER</propertyID>
				<value>dams</value>
				<multiline xmi.value='false'/>
			</mdElement>
			<mdElement elementClass='JarContentProperty'>
				<propertyID>DRIVER_CLASS</propertyID>
				<value>oracle.jdbc.driver.OracleDriver</value>
				<multiline xmi.value='false'/>
			</mdElement>
			<mdElement elementClass='ClassPathListProperty'>
				<propertyID>DRIVER_FILES</propertyID>
				<mdElement elementClass='FileProperty'>
					<value>E:\projects\md\products\magicdraw\sourcecode\md\data\DB_engineering\drivers\ojdbc14.jar</value>
					<selectionMode xmi.value='2'/>
				</mdElement>
				<value xmi.value='true'/>
			</mdElement>
			<mdElement elementClass='BooleanProperty'>
				<propertyID>RETRIEVE_FOREIGN_KEYS</propertyID>
				<value xmi.value='true'/>
			</mdElement>
			<mdElement elementClass='BooleanProperty'>
				<propertyID>DEBUG_DRIVER</propertyID>
				<value xmi.value='false'/>
			</mdElement>
			<mdElement elementClass='BooleanProperty'>
				<propertyID>RELOAD_DRIVER</propertyID>
				<value xmi.value='true'/>
			</mdElement>
			<mdElement elementClass='LIST_PROPERTY'>
				<propertyID>DRIVER_PROPERTIES</propertyID>
			</mdElement>
			<mdElement elementClass='BooleanProperty'>
				<propertyID>RETRIEVE_INDICES</propertyID>
				<value xmi.value='true'/>
			</mdElement>
		</mdElement>
		<mdElement elementClass='PropertyManager'>
			<name>Pervasive - Sample</name>
			<propertyManagerID>_91a0295_1075809646265_965468_6</propertyManagerID>
			<mdElement elementClass='StringProperty'>
				<propertyID>DB_CATALOG</propertyID>
				<multiline xmi.value='false'/>
			</mdElement>
			<mdElement elementClass='PasswordProperty'>
				<propertyID>DB_PASSWORD</propertyID>
			</mdElement>
			<mdElement elementClass='StringProperty'>
				<propertyID>DB_SCHEMA</propertyID>
				<multiline xmi.value='false'/>
			</mdElement>
			<mdElement elementClass='StringProperty'>
				<propertyID>DB_URL</propertyID>
				<value>jdbc:pervasive://&lt;host&gt;/&lt;bd&gt;</value>
				<multiline xmi.value='false'/>
			</mdElement>
			<mdElement elementClass='StringProperty'>
				<propertyID>DB_USER</propertyID>
				<multiline xmi.value='false'/>
			</mdElement>
			<mdElement elementClass='JarContentProperty'>
				<propertyID>DRIVER_CLASS</propertyID>
				<value>com.pervasive.jdbc.v2.Driver</value>
				<multiline xmi.value='false'/>
			</mdElement>
			<mdElement elementClass='ClassPathListProperty'>
				<propertyID>DRIVER_FILES</propertyID>
				<mdElement elementClass='FileProperty'>
					<value>D:\PVSW\Bin\pvjdbc2.jar</value>
					<selectionMode xmi.value='2'/>
				</mdElement>
				<value xmi.value='true'/>
			</mdElement>
			<mdElement elementClass='BooleanProperty'>
				<propertyID>RETRIEVE_FOREIGN_KEYS</propertyID>
				<value xmi.value='true'/>
			</mdElement>
			<mdElement elementClass='BooleanProperty'>
				<propertyID>DEBUG_DRIVER</propertyID>
				<value xmi.value='false'/>
			</mdElement>
			<mdElement elementClass='BooleanProperty'>
				<propertyID>RELOAD_DRIVER</propertyID>
				<value xmi.value='true'/>
			</mdElement>
			<mdElement elementClass='LIST_PROPERTY'>
				<propertyID>DRIVER_PROPERTIES</propertyID>
			</mdElement>
			<mdElement elementClass='BooleanProperty'>
				<propertyID>RETRIEVE_INDICES</propertyID>
				<value xmi.value='true'/>
			</mdElement>
		</mdElement>
		<mdElement elementClass='PropertyManager'>
			<name>PostgreSQL - sample</name>
			<propertyManagerID>_91a0295_1075809646250_401800_2</propertyManagerID>
			<mdElement elementClass='StringProperty'>
				<propertyID>DB_CATALOG</propertyID>
				<multiline xmi.value='false'/>
			</mdElement>
			<mdElement elementClass='PasswordProperty'>
				<propertyID>DB_PASSWORD</propertyID>
			</mdElement>
			<mdElement elementClass='StringProperty'>
				<propertyID>DB_SCHEMA</propertyID>
				<multiline xmi.value='false'/>
			</mdElement>
			<mdElement elementClass='StringProperty'>
				<propertyID>DB_URL</propertyID>
				<value>jdbc:postgresql://&lt;host&gt;/&lt;database&gt;</value>
				<multiline xmi.value='false'/>
			</mdElement>
			<mdElement elementClass='StringProperty'>
				<propertyID>DB_USER</propertyID>
				<multiline xmi.value='false'/>
			</mdElement>
			<mdElement elementClass='JarContentProperty'>
				<propertyID>DRIVER_CLASS</propertyID>
				<value>org.postgresql.Driver</value>
				<multiline xmi.value='false'/>
			</mdElement>
			<mdElement elementClass='ClassPathListProperty'>
				<propertyID>DRIVER_FILES</propertyID>
				<mdElement elementClass='FileProperty'>
					<value>&lt;install.root&gt;data\DB_engineering\drivers\pg74.214.jdbc3.jar</value>
					<selectionMode xmi.value='2'/>
				</mdElement>
				<value xmi.value='true'/>
			</mdElement>
			<mdElement elementClass='BooleanProperty'>
				<propertyID>RETRIEVE_FOREIGN_KEYS</propertyID>
				<value xmi.value='true'/>
			</mdElement>
			<mdElement elementClass='BooleanProperty'>
				<propertyID>DEBUG_DRIVER</propertyID>
				<value xmi.value='false'/>
			</mdElement>
			<mdElement elementClass='BooleanProperty'>
				<propertyID>RELOAD_DRIVER</propertyID>
				<value xmi.value='true'/>
			</mdElement>
			<mdElement elementClass='LIST_PROPERTY'>
				<propertyID>DRIVER_PROPERTIES</propertyID>
			</mdElement>
			<mdElement elementClass='BooleanProperty'>
				<propertyID>RETRIEVE_INDICES</propertyID>
				<value xmi.value='true'/>
			</mdElement>
		</mdElement>
		<mdElement elementClass='PropertyManager'>
			<name>SQLServer - sample</name>
			<propertyManagerID>_91a0295_1092051649836_468657_0</propertyManagerID>
			<mdElement elementClass='StringProperty'>
				<propertyID>DB_URL</propertyID>
				<propertyDescriptionID>DB_URL_DESCRIPTION</propertyDescriptionID>
				<value>jdbc:microsoft:sqlserver://&lt;host&gt;</value>
				<multiline xmi.value='false'/>
			</mdElement>
			<mdElement elementClass='ClassPathListProperty'>
				<propertyID>DRIVER_FILES</propertyID>
				<propertyDescriptionID>DRIVER_FILES_DESCRIPTION</propertyDescriptionID>
				<mdElement elementClass='FileProperty'>
					<value>C:\Program Files\Microsoft SQL Server 2000 Driver for JDBC\lib\msbase.jar</value>
					<selectionMode xmi.value='2'/>
				</mdElement>
				<mdElement elementClass='FileProperty'>
					<value>C:\Program Files\Microsoft SQL Server 2000 Driver for JDBC\lib\mssqlserver.jar</value>
					<selectionMode xmi.value='2'/>
				</mdElement>
				<mdElement elementClass='FileProperty'>
					<value>C:\Program Files\Microsoft SQL Server 2000 Driver for JDBC\lib\msutil.jar</value>
					<selectionMode xmi.value='2'/>
				</mdElement>
				<value xmi.value='true'/>
			</mdElement>
			<mdElement elementClass='JarContentProperty'>
				<propertyID>DRIVER_CLASS</propertyID>
				<propertyDescriptionID>DRIVER_CLASS_DESCRIPTION</propertyDescriptionID>
				<value>com.microsoft.jdbc.sqlserver.SQLServerDriver</value>
				<multiline xmi.value='false'/>
			</mdElement>
			<mdElement elementClass='StringProperty'>
				<propertyID>DB_USER</propertyID>
				<propertyDescriptionID>DB_USER_DESCRIPTION</propertyDescriptionID>
				<multiline xmi.value='false'/>
			</mdElement>
			<mdElement elementClass='PasswordProperty'>
				<propertyID>DB_PASSWORD</propertyID>
				<propertyDescriptionID>DB_PASSWORD_DESCRIPTION</propertyDescriptionID>
			</mdElement>
			<mdElement elementClass='StringProperty'>
				<propertyID>DB_CATALOG</propertyID>
				<propertyDescriptionID>DB_CATALOG_DESCRIPTION</propertyDescriptionID>
				<multiline xmi.value='false'/>
			</mdElement>
			<mdElement elementClass='StringProperty'>
				<propertyID>DB_SCHEMA</propertyID>
				<propertyDescriptionID>DB_SCHEMA_DESCRIPTION</propertyDescriptionID>
				<multiline xmi.value='false'/>
			</mdElement>
			<mdElement elementClass='BooleanProperty'>
				<propertyID>RETRIEVE_FOREIGN_KEYS</propertyID>
				<propertyDescriptionID>RETRIEVE_FOREIGN_KEYS_DESCRIPTION</propertyDescriptionID>
				<value xmi.value='true'/>
			</mdElement>
			<mdElement elementClass='BooleanProperty'>
				<propertyID>RETRIEVE_INDICES</propertyID>
				<value xmi.value='true'/>
			</mdElement>
			<mdElement elementClass='BooleanProperty'>
				<propertyID>DEBUG_DRIVER</propertyID>
				<propertyDescriptionID>DEBUG_DRIVER_DESCRIPTION</propertyDescriptionID>
				<value xmi.value='false'/>
			</mdElement>
			<mdElement elementClass='BooleanProperty'>
				<propertyID>RELOAD_DRIVER</propertyID>
				<propertyDescriptionID>RELOAD_DRIVER_DESCRIPTION</propertyDescriptionID>
				<value xmi.value='true'/>
			</mdElement>
			<mdElement elementClass='LIST_PROPERTY'>
				<propertyID>DRIVER_PROPERTIES</propertyID>
				<propertyDescriptionID>DRIVER_PROPERTIES_DESCRIPTION</propertyDescriptionID>
			</mdElement>
		</mdElement>
		<mdElement elementClass='PropertyManager'>
			<name>Sybase - sample</name>
			<propertyManagerID>_91a0295_1075809646250_674942_3</propertyManagerID>
			<mdElement elementClass='StringProperty'>
				<propertyID>DB_CATALOG</propertyID>
				<multiline xmi.value='false'/>
			</mdElement>
			<mdElement elementClass='PasswordProperty'>
				<propertyID>DB_PASSWORD</propertyID>
			</mdElement>
			<mdElement elementClass='StringProperty'>
				<propertyID>DB_SCHEMA</propertyID>
				<multiline xmi.value='false'/>
			</mdElement>
			<mdElement elementClass='StringProperty'>
				<propertyID>DB_URL</propertyID>
				<value>jdbc:sybase:Tds:&lt;host&gt;:&lt;port&gt;/&lt;database&gt;</value>
				<multiline xmi.value='false'/>
			</mdElement>
			<mdElement elementClass='StringProperty'>
				<propertyID>DB_USER</propertyID>
				<multiline xmi.value='false'/>
			</mdElement>
			<mdElement elementClass='JarContentProperty'>
				<propertyID>DRIVER_CLASS</propertyID>
				<value>com.sybase.jdbc2.jdbc.SybDriver</value>
				<multiline xmi.value='false'/>
			</mdElement>
			<mdElement elementClass='ClassPathListProperty'>
				<propertyID>DRIVER_FILES</propertyID>
				<value xmi.value='true'/>
			</mdElement>
			<mdElement elementClass='BooleanProperty'>
				<propertyID>RETRIEVE_FOREIGN_KEYS</propertyID>
				<value xmi.value='true'/>
			</mdElement>
			<mdElement elementClass='BooleanProperty'>
				<propertyID>DEBUG_DRIVER</propertyID>
				<value xmi.value='false'/>
			</mdElement>
			<mdElement elementClass='BooleanProperty'>
				<propertyID>RELOAD_DRIVER</propertyID>
				<value xmi.value='true'/>
			</mdElement>
			<mdElement elementClass='LIST_PROPERTY'>
				<propertyID>DRIVER_PROPERTIES</propertyID>
			</mdElement>
			<mdElement elementClass='BooleanProperty'>
				<propertyID>RETRIEVE_INDICES</propertyID>
				<value xmi.value='true'/>
			</mdElement>
		</mdElement>
		<mdElement elementClass='PropertyManager'>
			<name>Win ODBC source - sample</name>
			<propertyManagerID>_91a0295_1075809646250_913357_4</propertyManagerID>
			<mdElement elementClass='StringProperty'>
				<propertyID>DB_CATALOG</propertyID>
				<multiline xmi.value='false'/>
			</mdElement>
			<mdElement elementClass='PasswordProperty'>
				<propertyID>DB_PASSWORD</propertyID>
			</mdElement>
			<mdElement elementClass='StringProperty'>
				<propertyID>DB_SCHEMA</propertyID>
				<multiline xmi.value='false'/>
			</mdElement>
			<mdElement elementClass='StringProperty'>
				<propertyID>DB_URL</propertyID>
				<value>jdbc:odbc:&lt;odbc source&gt;</value>
				<multiline xmi.value='false'/>
			</mdElement>
			<mdElement elementClass='StringProperty'>
				<propertyID>DB_USER</propertyID>
				<multiline xmi.value='false'/>
			</mdElement>
			<mdElement elementClass='JarContentProperty'>
				<propertyID>DRIVER_CLASS</propertyID>
				<value>sun.jdbc.odbc.JdbcOdbcDriver</value>
				<multiline xmi.value='false'/>
			</mdElement>
			<mdElement elementClass='FileProperty'>
				<propertyID>DRIVER_FILES</propertyID>
				<selectionMode xmi.value='0'/>
			</mdElement>
			<mdElement elementClass='BooleanProperty'>
				<propertyID>RETRIEVE_FOREIGN_KEYS</propertyID>
				<value xmi.value='true'/>
			</mdElement>
			<mdElement elementClass='BooleanProperty'>
				<propertyID>DEBUG_DRIVER</propertyID>
				<value xmi.value='false'/>
			</mdElement>
			<mdElement elementClass='BooleanProperty'>
				<propertyID>RELOAD_DRIVER</propertyID>
				<value xmi.value='true'/>
			</mdElement>
			<mdElement elementClass='LIST_PROPERTY'>
				<propertyID>DRIVER_PROPERTIES</propertyID>
			</mdElement>
			<mdElement elementClass='BooleanProperty'>
				<propertyID>RETRIEVE_INDICES</propertyID>
				<value xmi.value='true'/>
			</mdElement>
		</mdElement>
	</mdElement>
</PropertyVisitorAcceptor>